-- --------------------------------------------------------
-- Host:                         localhost
-- Versión del servidor:         5.7.24 - MySQL Community Server (GPL)
-- SO del servidor:              Win64
-- HeidiSQL Versión:             10.2.0.5599
-- --------------------------------------------------------

/*!40101 SET @OLD_CHARACTER_SET_CLIENT=@@CHARACTER_SET_CLIENT */;
/*!40101 SET NAMES utf8 */;
/*!50503 SET NAMES utf8mb4 */;
/*!40014 SET @OLD_FOREIGN_KEY_CHECKS=@@FOREIGN_KEY_CHECKS, FOREIGN_KEY_CHECKS=0 */;
/*!40101 SET @OLD_SQL_MODE=@@SQL_MODE, SQL_MODE='NO_AUTO_VALUE_ON_ZERO' */;

-- Volcando estructura para tabla farojeqn_bdpjhuanuco.alumnos
CREATE TABLE IF NOT EXISTS `alumnos` (
  `id_alumno` int(10) NOT NULL AUTO_INCREMENT,
  `dni` int(8) NOT NULL,
  `apenom` varchar(50) CHARACTER SET utf8 COLLATE utf8_spanish2_ci NOT NULL,
  `correo` varchar(250) COLLATE utf8_spanish_ci NOT NULL,
  `celular` int(9) NOT NULL,
  `detalles` varchar(50) COLLATE utf8_spanish_ci NOT NULL,
  PRIMARY KEY (`id_alumno`)
) ENGINE=InnoDB AUTO_INCREMENT=218 DEFAULT CHARSET=utf8 COLLATE=utf8_spanish_ci;

-- Volcando datos para la tabla farojeqn_bdpjhuanuco.alumnos: ~217 rows (aproximadamente)
DELETE FROM `alumnos`;
/*!40000 ALTER TABLE `alumnos` DISABLE KEYS */;
INSERT INTO `alumnos` (`id_alumno`, `dni`, `apenom`, `correo`, `celular`, `detalles`) VALUES
	(1, 0, 'Acosta Peña Jessica Catherine', 'Jessicacostap2073@gmail.com', 962916474, ''),
	(2, 0, 'Acosta Picon Flor de Maria', 'aflor6350@gmail.com', 962653366, ''),
	(3, 0, 'Aguilar Terrones  Harry William ', 'harryaguilar@gmail.com ', 949912812, ''),
	(4, 0, 'Aguilar Dextre Hernando Edgar', 'Nandiux33@homail.com', 944983575, ''),
	(5, 0, 'Aguirre Suarez Wenceslao Justo', 'Waguirres66@gmail.com', 993581593, ''),
	(7, 0, 'ALBINO GONZALES JESSY ELIZABETH', 'Jessyta1819@gmail.com', 950907454, ''),
	(8, 0, 'Alva Vásquez Anita Ivonne', 'anitaivonne1965@gmail.com', 962586006, ''),
	(9, 0, 'Alvarado Fernández Alexa Hankel', 'hankelfernandez@hotmail.com', 945109566, ''),
	(10, 0, 'ARIAS QUISPE IVAN BLADIMIR', 'ivan.arias00@gmail.com', 928579112, ''),
	(11, 0, 'Armas ildefonso Vanessa Alicia ', 'vanalis15@gmail.com ', 943196404, ''),
	(12, 0, 'Arroyo soriano Jorge', 'Jmtk.arroyo@gmail.com', 926560331, ''),
	(13, 0, 'Atencia Morales Omayra  Nayla', 'omayra.atencia@gmail.com', 935325784, ''),
	(14, 0, 'Atencio Deudor Liz Roxanna', 'Lizatenciod@gmail.com', 962514458, ''),
	(15, 0, 'Aucaruri Quispe Gabriela Dina', 'Gaucaruriqts@gmail.com', 957639550, ''),
	(16, 0, 'Ayasta Vallejo  Maria del Carmen ', 'carmenayasta2002@gmail.com', 941904073, ''),
	(17, 0, 'Baldeon Izaguirre Emperatriz Kasandra', 'shiro.no.law@gmail.com', 957852328, ''),
	(18, 0, 'Balta Navarro  Melissa Indhira ', 'mibn@gmail.com ', 943863266, ''),
	(19, 0, 'Blancas Zevallos Fiorella Cintya', 'Fiorelacintya@gmail.com', 978021906, ''),
	(20, 0, 'Bravo Gamarra  Daysi Eliana ', 'Taeluk@gmail.com ', 945867679, ''),
	(21, 0, 'Brenis Mendoza Matilde Angélica', 'mbrenisdj@mpfn.gob.pe', 949040370, ''),
	(22, 0, 'Buendia Casafranca Ruth Antuaneth', 'bc.ruth5@gmail.com', 962628493, ''),
	(23, 0, 'BUSTILLOS CUBA ROLANDO', 'rolando.bustillos.cuba@gmail.com', 975243385, ''),
	(24, 0, 'Bustos Balta Celia del Pilar', 'Celiapbb@gmail.com', 966777515, ''),
	(25, 0, 'Cabanillas Quevedo Claudia', 'c.cabanillasq77@gmail.com', 976999971, '1'),
	(26, 0, 'CALISAYA PINTO Karina Carmen', 'Karinitacp@gmail.com', 952692642, ''),
	(27, 0, 'Camarena Miranda Manuel Cirilo', 'manuelcamarenamiranda@gmail.com', 962986858, ''),
	(28, 0, 'Capcha Salazar Patricia Elena', 'Pecs.2085@gmail.com', 977220266, ''),
	(29, 0, 'Caracela Borda  Javier', 'jcaracela@gmail.com ', 951926169, ''),
	(30, 0, 'Carcausto chavez Pablo Eduardo', 'carcaustopablo8@gmail.com', 959972447, ''),
	(31, 0, 'CARHUARICRA RUPAY JOSEPH ANTHONY', 'josephcarhuaricrarupay@gmail.com', 953330612, ''),
	(32, 0, 'Carrión Suarez Estefany', 'Stefanycarrionsuarez@gmail.com', 955726378, ''),
	(33, 0, 'Carrillo Rodriguez  Jorge Luis ', 'jorgeluiscarrillorodriguez6@gmail.com', 996904766, ''),
	(34, 0, 'Castañeda ccori Junior Vladimir', 'Jccori12@gmail.com', 954433383, ''),
	(35, 0, 'Catari Mamani Guido Vladimir', 'gvcatari@gmail.com', 951010176, ''),
	(36, 0, 'Cavalie orihuela Alexandra Vanessa', 'Alexandra.cavalieor@gmail.com', 973969390, ''),
	(37, 0, 'Celadita guevara Beatriz', 'beabcg230780@gmail.com', 986775895, ''),
	(38, 0, 'Cercedo  Falcon  Juana Silvia ', 'juanyscf@hotmail.com ', 962685959, ''),
	(39, 0, 'Chagua Timoteo  Epifania ', 'anthony_epi@hotmail.com', 982314355, ''),
	(40, 0, 'Chamorro Yalico Ronny Humberto', 'ronnyhcy96@gmail.com', 935322607, ''),
	(41, 0, 'Chile Araoz Jhon Andersson', 'Andru.3.8.20@gmail.com', 984776776, ''),
	(42, 0, 'Chilon  Rayco Raul Eduardo', 'raulchilonrayco@gmail.com', 972238834, ''),
	(43, 0, 'Chura Escobar Lucero Yomira', 'churalucero422@gmail.com', 947783029, ''),
	(44, 0, 'Cisneros Panana Sayda Cecilia', 'Gela300@gmail.com', 980854557, ''),
	(45, 0, 'Conislla Ramirez Magdalena', 'mconisllaramirez@gmail.com', 957591242, ''),
	(46, 0, 'Contreras Escobar Lisseth Belinda Lorena', 'blorenacon@hotmail.com', 968399722, ''),
	(47, 0, 'Contreras Ferrer Kelly Caryto', 'kellycaryto11@gmail.com', 962937755, ''),
	(48, 0, 'CORNELIO SORIA SANDRA ELENA', 'elena.cornelio.soria@gmail.com', 962587007, ''),
	(49, 0, 'Coronado Henry', 'Titoc518@gmail.com', 979858986, ''),
	(50, 0, 'Cotrina Maccha Manuel Jesus', 'Cotrinaabogados12@gmail.com', 921853021, ''),
	(51, 0, 'Dávila Lastra  Karen Olivia ', 'kdlastra@gmail.com ', 962664545, ''),
	(52, 0, 'Davila Jorge Walter Justino', 'wdavila1405@gmail.com', 962975459, ''),
	(53, 0, 'Davila Vivar Milagros katerin', 'Mkdavilavivar@gmail.com', 957972400, ''),
	(54, 0, 'De La Cruz Torres  Lady Esthefany ', 'csapricornio_@hotmail.com', 962804058, ''),
	(55, 0, 'Diestro Y Leon  Ernesto ', 'ediestro@hotmail.com ', 962603313, ''),
	(56, 0, 'Echegaray bernaola Luzmila violeta', 'Luzmilaechegarayb@gmail.com', 944411902, ''),
	(57, 0, 'Encarnacion Ramirez Ketty', 'Ketty19783004@gmail.com', 962524043, ''),
	(58, 0, 'Escalante Reyes  Piero Renato ', 'Piero_renato3@hotmail.com', 997594758, ''),
	(59, 0, 'Espinoza Salazar Anatolia Patrick', 'anatoliapatrik3@gmail.com', 962629682, ''),
	(60, 0, 'Estrada Salvador  Catalina Tania ', 'Cestradasalvador09@gmail.com', 940164692, ''),
	(61, 0, 'Fernandez Lazo Patricia Silvia', 'Paticitafernandez19@gmail.com', 962621212, ''),
	(62, 0, 'Fernandez Yabar Rocio Isabel', 'rosyfy1806@gmail.com', 962663538, ''),
	(63, 0, 'Flores castillon Edwin', 'Edwinflocas@gmail.com', 991898038, ''),
	(64, 0, 'Flores Rivera  Edilberto freed ', 'friverab3@gmail.com ', 990151661, ''),
	(65, 0, 'Fonseca Livias Nelly', 'nellyfonseca42@gmail.com', 962602829, ''),
	(66, 0, 'Gómez Bazalar Iris Edith', 'irisegb@gmail.com', 964817066, ''),
	(67, 0, 'Gallardo Barrueta Angel', 'Angelitogallardo2050@gmail.com', 999348377, '1'),
	(68, 0, 'Gallo Olazo Robins', 'robinsgallo1989@gmail.com', 935984386, ''),
	(69, 0, 'Garay Molina  Ana Cecilia', 'garay.ac@pucp.edu.pe', 962703431, ''),
	(70, 0, 'Garcia Cabrera Violeta Maria', 'vgarciac@pj.gob.pe', 972898489, ''),
	(71, 0, 'Garcia Escolastico Rover Honorato', 'Jhadi101@hotmail.com', 962512986, ''),
	(72, 0, 'Garcia ponce  Edith', 'Editgarciaponce@gmail.com', 995197687, ''),
	(73, 0, 'Gavidia Espinoza Yudy Neri', 'ygavidiaespinoza@gmail.com', 949524654, ''),
	(74, 0, 'GERONIMO DE LA CRUZ JAIME', 'jaime.geronimo.de.la.cruz', 962530657, ''),
	(75, 0, 'Gomez Bazalar Iris Edith', 'irisegb@gmail.com', 964817066, ''),
	(76, 0, 'González Rubina Mirko Enrique', 'mgonzalezrdj@mpfn.gob.pe', 0, ''),
	(77, 0, 'Gonzales Núñez  María Ysabel ', 'lebasygonzales@gmail.com', 959496181, ''),
	(78, 0, 'Grandez canta  Freddy ', 'Fre_grandezc@hotmail.com ', 946622070, ''),
	(79, 0, 'Guillen Vilca Karina Rosaly', 'Kguillenmail@gmail.com', 959651506, ''),
	(80, 0, 'Gutierrez Salvador  Miguel ', 'Mg8615691@gmail.com ', 945573934, ''),
	(81, 0, 'Guzman Afan Victor', 'vguzmanafan@gmail.com', 952683332, ''),
	(82, 0, 'Heredia Rivera Vanessa', 'Cielitahr@gmail.com', 994743105, ''),
	(83, 0, 'Herrera Fernández Yanet', 'yanefer08@gmail.com ', 933775890, ''),
	(84, 0, 'Huachua Luna Carmen Smitehe', 'huachuacarmen@gmail.com', 948169000, ''),
	(85, 0, 'Huaman Leon Enma Polet', 'enmapolethuamanleon22', 931104144, ''),
	(86, 0, 'Huanca Janampa  Cinthya Carolina ', 'cinthyacrln@gmail.com ', 945245131, ''),
	(87, 0, 'huarancca laurente alejandro', 'ahuaranccalaurente17@gmail.com', 926898926, ''),
	(88, 0, 'Huayaban flores Mara', 'bmhf1907@gmail.com', 950738420, ''),
	(89, 0, 'Huayta Arias Laura Isabel', 'liha2121@gmail.com', 996788808, ''),
	(90, 0, 'Ircañaupa Carhuapoma Ruty Magaly', 'normayruty@gmail.com', 987154129, ''),
	(91, 0, 'Laguna Velasquez Juana Jenny', 'juanajenylagunavelasquez@gmail.com', 916437342, ''),
	(92, 0, 'Larrea Serquen  Haydee María ', 'Haydeelarrea@hotmail.com', 978164623, ''),
	(93, 0, 'Lastra Claudio Elsa Teófila', 'elsalastra28@gmail.com', 941006980, ''),
	(94, 0, 'Livias Huisa Cinthya Antonieta', 'Paloma_yesua@hotmail.com', 955257529, ''),
	(95, 0, 'Liza Castillo  Luis Manuel ', 'mlizadj@mpfn.gob.pe ', 968289450, ''),
	(96, 0, 'LOPEZ  ROBERTO JAQUELINE ROSA', 'jaquelinerosalr@gmail.com', 942976755, ''),
	(97, 0, 'Lopez Arana Andrea Mercedes', 'Lopezaranaandrea@gmail.com', 985851202, ''),
	(98, 0, 'Lopez Munguia Selene Patricia', 'selene.paty22@gmail.com', 982358416, ''),
	(99, 0, 'Loza peña Rildo', 'rildo.77@hotmail.com', 953278967, ''),
	(100, 12345678, 'Malpartida Ramirez Lucila Juana', 'lujmara1612@gmail.com', 985411483, ''),
	(101, 0, 'Malpartida Repetto  José Luis ', 'joserepetto2207@gmail.com', 996252662, ''),
	(102, 0, 'MANCO HUAMAN NORMA', 'normamancoh10@gmail.com', 983984357, ''),
	(103, 0, 'Manzano sandoval Wilfredo', 'Wilfre2317@gmail.com', 999588877, ''),
	(104, 0, 'Mariano Lobatón Cancia', 'cmarianol123@gmail.com', 970001247, ''),
	(105, 0, 'Marin Sandoval  Rocío Angélica ', 'marinsandovalr@gmail.com ', 975757576, ''),
	(106, 0, 'Martel Martinez', 'ofe.martmart@gmail.com', 988066669, ''),
	(107, 0, 'Mazzini Ojeda Mitzy Jetme', 'Mitzyjetmemazzini@gmail.com', 962540374, ''),
	(108, 0, 'Medina Mamani  Lourdes ', 'Lmedina521521@gmail.com  ', 978824432, ''),
	(109, 0, 'Mendez Ancca Tania ', 'caritofiore@hotmail.com', 959829856, ''),
	(110, 0, 'Mendieta Garay Luis Enrique', 'luisemendietag13@gmail.com', 930739136, ''),
	(111, 0, 'MENDOZA VALLE DEXTRE LIZETHE MARILu MAR', 'lizethmv1980@gmail.com', 993581593, ''),
	(112, 0, 'Meza Benites  Giovanna Esther ', 'Giovimb@hotmail.com ', 948568811, ''),
	(113, 0, 'Meza Reyes  Eva', 'eva.290288.emr@gmail.com  ', 945214865, ''),
	(114, 0, 'Miraval Aguirre Katya Nohely', 'katyamiraval@gmail.com', 962073760, ''),
	(115, 0, 'Montañez de la cruz Cesar Raul', 'cmontanezd@gmail.com', 954403009, ''),
	(116, 0, 'Montaldo Zevallos Ketty', 'kettypj2008@gmail.com', 944869983, ''),
	(117, 0, 'Montalicos Pinto  Henrry Michael ', 'henrry.montalicos@gmail.com', 912459542, ''),
	(118, 0, 'Montoya Salís Susan América', 'Susanmontoya22@gmail.com', 956065388, ''),
	(119, 0, 'Morales Besada Giovanna Orfelinda', 'gmoralesbesada@gmail.com', 963338672, ''),
	(120, 0, 'Moron fretel Ricardo', 'ricardomoronfretel@gmai.com', 947553267, ''),
	(121, 0, 'Mozombite Tineo Karen', 'karenmozombitetineo@gmail.com', 966960165, ''),
	(122, 0, 'Mundaca Mundaca Elsa Margarita', 'elsi05.mar02@gmail.com', 971723164, ''),
	(123, 0, 'NÚÑEZ RODOLFO', 'copazul@hotmail.com', 999733412, ''),
	(124, 0, 'Nureña Jara Milagros Irene', 'milagrosnj@gmail.com', 947940180, ''),
	(125, 0, 'Oblitas Moya Rosa Mercedes', 'xxrosaxoblitasxx@gmail.com', 962656146, ''),
	(126, 0, 'Olascoaga velarde Fanny ruth', 'fannyolascoaga@yahoo.com', 976483301, ''),
	(127, 0, 'OLIVA PUSE Ricardo Fabiany ', 'Fabiany. 2410@gmail.com', 964539792, ''),
	(128, 0, 'Pablo Santos Daniel Edwin', 'Danyelpablos@gmail.com', 962909898, ''),
	(129, 0, 'Palomo Gomez Galia Elizabeth', 'galia.eliza@gmail.com', 942197767, ''),
	(130, 43801670, 'Palpa Collazos Edgar', 'epalpac@pj.gob.pe', 962662500, ''),
	(131, 0, 'Pari Quispe  Jessica Nayder ', 'Jessica-Nayder@hotmail.com', 985547202, ''),
	(132, 0, 'Pari Quispe Lizbeth Fiorella', 'Lizbeth-fiorella@hotmail.com', 992121278, ''),
	(133, 0, 'PARIONA HUAROTO WILBER DAVID', 'david11_w@hotmail.com', 961604144, ''),
	(134, 0, 'Parra Céspedes Dora cecilia', 'dceciliapc@gmail.com', 962642244, ''),
	(135, 0, 'Perez  Nascimento Rosa Elisa', 'Eli.12xinita.92@hotmail.com', 939303962, ''),
	(136, 0, 'Pilco Machaca Wilmer Edelis', 'wily.pilco.12@gmail.com', 952416076, ''),
	(137, 0, 'Pimentel Tello Maria Isabel', 'marisa_pimentel@hotmail.com', 976499625, ''),
	(138, 0, 'Pizarro tsuchiya Vladimir greco', 'Vpizats@gmail.com', 924099108, ''),
	(139, 0, 'Ponce León Natalia Cristina', 'lia_xs@hotmail.com', 963928548, ''),
	(140, 0, 'Ponce Rojas  Maybee ', 'meyliss12@gmail.com ', 979772972, ''),
	(141, 0, 'Prado Murillo Ruth Alexandra', 'alexandra3_8@hotmail.com', 962077373, ''),
	(142, 0, 'Quiñones Galindo Aydee Emerita', 'aydegalindo@hotmail.com', 996878750, ''),
	(143, 0, 'Quispe Ramon Rosanel susana', 'Rosusana09@gmail.com', 938175011, ''),
	(144, 0, 'Quispe Rojas Raquel LIliana', 'kellyrqr@gmail.com', 962929222, ''),
	(145, 0, 'Ramírez Armas Ildefonso Vanessa Alicia', 'vanalis15@gmail.com', 943196404, ''),
	(146, 0, 'Ramirez Figueroa Jim', 'jimramirezfigueroa@gmail.com', 988651856, ''),
	(147, 0, 'Ramirez Llamoja Edith Victoria', 'edithramirezllamoja@gmail.com', 945803270, ''),
	(148, 0, 'RAMOS DUEÑAS Herbert Margarito', 'herbertmargaritoramos755@gmail.com', 963570906, ''),
	(149, 0, 'Rebaza Cribillero Jaime Roland', 'jaime.rrc.jr@gmail.com', 917795964, ''),
	(150, 0, 'Rengifo Cardenas Llony', 'xxx@gmail.com', 961092867, ''),
	(151, 0, 'Reyes Garcia Paola', 'paola190102@gmail.com', 989181311, ''),
	(152, 0, 'Rios diaz Mabel soledad', 'Mriosd56@gmail.com', 954097878, ''),
	(153, 0, 'Rios Shahuano Grace Jheniffer', 'graziaribelle@gmail.com', 982114346, ''),
	(154, 0, 'RIVERA ATENCIO AMARILIS MERCEDES', 'amyriveraatencio@gmail.com', 943284702, ''),
	(155, 0, 'Rocano Ponce Eunice Lud', 'ludrocano@gmail.com', 962601456, ''),
	(156, 0, 'Rodriguez Cisneros Gerson Julio', 'Gersonrodriguezcisneros', 987558590, ''),
	(157, 0, 'Rojas Coral Jhon Percy', 'jrojas028@gmail.com', 951635774, ''),
	(158, 0, 'Roldan Correa Ingrid Magali', 'ingrid27correa@gmail.com', 912079539, ''),
	(159, 0, 'Romero Guia Teodorico Cesar', 'teodoricocesarromerogui', 994445392, ''),
	(160, 0, 'Romero Mory  Rosmery ', 'Rrmam77@gmail.com ', 962820363, ''),
	(161, 0, 'Rubio Grados Dumer Gary', 'dumer3187@gmail.com', 962752895, ''),
	(162, 0, 'Sáenz Pérez Luis Edgar', 'adriansaenzperez@gmail.com', 995659105, ''),
	(163, 0, 'SAAVEDRA LEVEAU POLUX', 'poluxsaavedraleveau@gmail.com', 962803791, ''),
	(164, 0, 'Saenz Perez Luis Edgar', 'adriansaenzperez@gmail.com', 995659105, ''),
	(165, 0, 'Salazar cruz Lizbeth', 'Lizsalazarcruz@gmail.com', 959160690, ''),
	(166, 0, 'Salazar Mendoza Silvia', 'silvanitasalazarm@gmail.com', 994436134, ''),
	(167, 0, 'Salinas Avila Javier Naval', 'Xjhaviersalinas@gmail.com', 921891796, ''),
	(168, 0, 'Salinas Linares Cesar Augusto', 'cesar.salinas.linares@gmail.co', 956791603, ''),
	(169, 0, 'Sanchez Gonzales Yanet', 'yanetsanchez352@gmail.com', 981840084, ''),
	(170, 0, 'Sanchez Villafuerte Rosa', 'rsanchesvi1361@gmail.com', 944257775, ''),
	(171, 0, 'Santos Espinoza Samuel', 'samuelsantose99@gmail.com', 987487389, ''),
	(172, 0, 'Silva Morales Helen Rocio', 'helenrociosilvamorales@gmail.com', 916237793, ''),
	(173, 0, 'Sinchi Wilbert', 'Wilibert100@gmail.com', 984709760, ''),
	(174, 0, 'Solano De la cruz Susy Rosy', 'susyrosysolanodelacruz@gmail.com', 933602915, ''),
	(175, 0, 'Solano Robles John Albert', 'johnsr1789@gmail.com', 947545500, ''),
	(176, 0, 'Solorzano Saldivar Perci Silicio ', 'solsalpercy@gmail.com ', 962676342, ''),
	(177, 0, 'Soria Cisneros Jose Maria', 'Kingcisneros2283@gmail.com', 988261785, ''),
	(178, 0, 'Sosa Canchari Carmen Del Rocío', 'carmencita.sc@gmail.com', 954471364, ''),
	(179, 0, 'SOTO MORALES ELOY', 'gastonsoto22.22@gmail.com', 920229488, ''),
	(180, 0, 'SOTO SOLIS EDITH ELVIRA', 'edithelviraso@gmail.com', 975506335, ''),
	(181, 0, 'Sotomayor Torres  Fabiola Milagros ', 'sotomayorfabiolamilagros@gmail.com', 995091075, ''),
	(182, 0, 'Talavera Zapana Nolam Elias', 'eltal1972@gmail.com', 959538112, ''),
	(183, 0, 'Tantalean Chavez Yuri', 'Dikeyuri@gmail.com', 999554644, ''),
	(184, 0, 'TARAZONA ESTACIO JAVIER CESAR', 'jtarazonaestacio@gmail.com', 962510407, ''),
	(185, 0, 'Teodoro Tello Luz Eugenia', 'luzteodorotello@gmail.com', 950222818, ''),
	(186, 0, 'TORREJON  CAPARACH JANET IRENE', 'jan_torrejon@hotmail.com', 951960689, ''),
	(187, 0, 'TORRES  BOZA MIRIAM  LILI', 'mtorresboza59@gmail.com', 962916681, ''),
	(188, 0, 'Torres Aguilar  Carmen Doris ', 'carmtorres16@gmail.com ', 939182124, ''),
	(189, 0, 'Torres Aguilar Oskar', 'ostorresdj@mpfn.gob.pe', 980191887, ''),
	(190, 0, 'Torres ticona  Virgilio', 'totivirgilio4@gmail.com ', 910314207, ''),
	(191, 0, 'Trejo Lugo Nivar', 'ntrejolugo@gmail.com', 975758080, ''),
	(192, 0, 'Trujillo Luciano Tania Medalith', 'taniatrujilloluciano@gmail.com', 970627996, ''),
	(193, 0, 'Tucto Cristobal Ana Maria', 'atuctoc@gmail.com', 988941003, ''),
	(194, 0, 'Tucto Livia Eloisa', 'elo.181livia@gmail.com', 988375386, ''),
	(195, 0, 'Tuesta Hernandez Jose Segundo', 'joshtuesta090@gmail.com', 979286985, ''),
	(196, 0, 'Tumbay Ambrocio  Lisdey Mayra ', 'Lisdeyta@gmail.com ', 947299383, ''),
	(197, 0, 'Uceda Inoñán Rosa Lila del Milagro', 'Rosaui2524@gmail.com', 932903949, ''),
	(198, 0, 'Ugaz Montenegro Lady Mabel', 'ladyugazm22@gmail.com', 939358279, ''),
	(199, 0, 'Urbina Antón Josemaria Augusto', 'jomagua1234@gmail.com', 945159848, ''),
	(200, 0, 'Urquiaga Calderon Graciela Del Carmen', 'gracia.urquiaga@hotmail.com', 969813642, ''),
	(201, 0, 'Vásquez De La Cruz Rudi Vilma', 'vilmita.v3242@gmail.com', 988971826, ''),
	(202, 0, 'Vargas Supa Carlos Eduardo', 'evasfrey@gmail.com', 955470642, ''),
	(204, 0, 'Vasquez Deza Pedro Enrique', 'pevasquez@mpfn.gob.pe', 976955959, ''),
	(205, 0, 'VEGA LEÓN SERNINIAN FRANCISCA', 'Sermypsico@gmail.com', 940037487, ''),
	(206, 0, 'Velazco Carnero Grace Anali', 'grace.velacar@gmail.com', 948323489, ''),
	(207, 0, 'VENTURA CAVA JOSÉ LUIS FRANCISCO', 'joseluisventuracava@gmail.com', 956452054, ''),
	(208, 0, 'Vidal Hinostroza  Mercedes ', 'Mercedesvidalhinostroza@gmail.com', 934514983, ''),
	(209, 0, 'Vidaurre Chos  Helen Zully', 'helen.zu95@gmail.com ', 988666572, ''),
	(210, 0, 'Vilcas Cauchos Juan Carlos', 'Jcvilcas@gmail.com', 965874287, ''),
	(211, 0, 'VILELA FARFAN ELIZABETH MARIA', 'marielizabeth1612@gmail.com', 965795772, ''),
	(212, 0, 'Villacorta Saldaña', 'amalidavs@gmail.com', 972054327, ''),
	(213, 0, 'Villanueva Casusol  Joana Lisseth', 'joanavillanuevac@gmail.com', 960374144, ''),
	(214, 0, 'Villanueva Gamarra Giovana Soledad', 'villanueva_giovi@hotmail.com', 944428601, ''),
	(215, 0, 'Villanueva Laurencio  Soledad ', 'Sovila222@gmail.com ', 986007541, ''),
	(216, 0, 'Villavicencio Rojas Velsy Veronica', 'xxx@gmail.com', 962629297, ''),
	(217, 0, 'Villegas Alva Diana Liliana', 'dianneazul@gmail.com', 942546372, '');
/*!40000 ALTER TABLE `alumnos` ENABLE KEYS */;

-- Volcando estructura para tabla farojeqn_bdpjhuanuco.asistenciacursos
CREATE TABLE IF NOT EXISTS `asistenciacursos` (
  `id_asistencia` int(10) NOT NULL AUTO_INCREMENT,
  `id_curso` int(10) NOT NULL,
  `id_alumno` int(10) NOT NULL,
  `fecha_ingreso` timestamp NOT NULL DEFAULT '0000-00-00 00:00:00',
  `fecha_salida` timestamp NOT NULL DEFAULT '0000-00-00 00:00:00',
  PRIMARY KEY (`id_asistencia`)
) ENGINE=InnoDB AUTO_INCREMENT=218 DEFAULT CHARSET=utf8 COLLATE=utf8_spanish_ci;

-- Volcando datos para la tabla farojeqn_bdpjhuanuco.asistenciacursos: ~219 rows (aproximadamente)
DELETE FROM `asistenciacursos`;
/*!40000 ALTER TABLE `asistenciacursos` DISABLE KEYS */;
INSERT INTO `asistenciacursos` (`id_asistencia`, `id_curso`, `id_alumno`, `fecha_ingreso`, `fecha_salida`) VALUES
	(1, 1, 1, '2020-05-06 09:00:00', '2020-05-06 11:00:00'),
	(2, 1, 2, '2020-05-06 09:00:00', '2020-05-06 11:00:00'),
	(3, 1, 3, '2020-05-06 09:00:00', '2020-05-06 11:00:00'),
	(4, 1, 4, '2020-05-06 09:00:00', '2020-05-06 11:00:00'),
	(5, 1, 5, '2020-05-06 09:00:00', '2020-05-06 11:00:00'),
	(7, 1, 7, '2020-05-06 09:00:00', '2020-05-06 11:00:00'),
	(8, 1, 8, '2020-05-06 09:00:00', '2020-05-06 11:00:00'),
	(9, 1, 9, '2020-05-06 09:00:00', '2020-05-06 11:00:00'),
	(10, 1, 10, '2020-05-06 09:00:00', '2020-05-06 11:00:00'),
	(11, 1, 11, '2020-05-06 09:00:00', '2020-05-06 11:00:00'),
	(12, 1, 12, '2020-05-06 09:00:00', '2020-05-06 11:00:00'),
	(13, 1, 13, '2020-05-06 09:00:00', '2020-05-06 11:00:00'),
	(14, 1, 14, '2020-05-06 09:00:00', '2020-05-06 11:00:00'),
	(15, 1, 15, '2020-05-06 09:00:00', '2020-05-06 11:00:00'),
	(16, 1, 16, '2020-05-06 09:00:00', '2020-05-06 11:00:00'),
	(17, 1, 17, '2020-05-06 09:00:00', '2020-05-06 11:00:00'),
	(18, 1, 18, '2020-05-06 09:00:00', '2020-05-06 11:00:00'),
	(19, 1, 19, '2020-05-06 09:00:00', '2020-05-06 11:00:00'),
	(20, 1, 20, '2020-05-06 09:00:00', '2020-05-06 11:00:00'),
	(21, 1, 21, '2020-05-06 09:00:00', '2020-05-06 11:00:00'),
	(22, 1, 22, '2020-05-06 09:00:00', '2020-05-06 11:00:00'),
	(23, 1, 23, '2020-05-06 09:00:00', '2020-05-06 11:00:00'),
	(24, 1, 24, '2020-05-06 09:00:00', '2020-05-06 11:00:00'),
	(25, 1, 25, '2020-05-06 09:00:00', '2020-05-06 11:00:00'),
	(26, 1, 26, '2020-05-06 09:00:00', '2020-05-06 11:00:00'),
	(27, 1, 27, '2020-05-06 09:00:00', '2020-05-06 11:00:00'),
	(28, 1, 28, '2020-05-06 09:00:00', '2020-05-06 11:00:00'),
	(29, 1, 29, '2020-05-06 09:00:00', '2020-05-06 11:00:00'),
	(30, 1, 30, '2020-05-06 09:00:00', '2020-05-06 11:00:00'),
	(31, 1, 31, '2020-05-06 09:00:00', '2020-05-06 11:00:00'),
	(32, 1, 32, '2020-05-06 09:00:00', '2020-05-06 11:00:00'),
	(33, 1, 33, '2020-05-06 09:00:00', '2020-05-06 11:00:00'),
	(34, 1, 34, '2020-05-06 09:00:00', '2020-05-06 11:00:00'),
	(35, 1, 35, '2020-05-06 09:00:00', '2020-05-06 11:00:00'),
	(36, 1, 36, '2020-05-06 09:00:00', '2020-05-06 11:00:00'),
	(37, 1, 37, '2020-05-06 09:00:00', '2020-05-06 11:00:00'),
	(38, 1, 38, '2020-05-06 09:00:00', '2020-05-06 11:00:00'),
	(39, 1, 39, '2020-05-06 09:00:00', '2020-05-06 11:00:00'),
	(40, 1, 40, '2020-05-06 09:00:00', '2020-05-06 11:00:00'),
	(41, 1, 41, '2020-05-06 09:00:00', '2020-05-06 11:00:00'),
	(42, 1, 42, '2020-05-06 09:00:00', '2020-05-06 11:00:00'),
	(43, 1, 43, '2020-05-06 09:00:00', '2020-05-06 11:00:00'),
	(44, 1, 44, '2020-05-06 09:00:00', '2020-05-06 11:00:00'),
	(45, 1, 45, '2020-05-06 09:00:00', '2020-05-06 11:00:00'),
	(46, 1, 46, '2020-05-06 09:00:00', '2020-05-06 11:00:00'),
	(47, 1, 47, '2020-05-06 09:00:00', '2020-05-06 11:00:00'),
	(48, 1, 48, '2020-05-06 09:00:00', '2020-05-06 11:00:00'),
	(49, 1, 49, '2020-05-06 09:00:00', '2020-05-06 11:00:00'),
	(50, 1, 50, '2020-05-06 09:00:00', '2020-05-06 11:00:00'),
	(51, 1, 51, '2020-05-06 09:00:00', '2020-05-06 11:00:00'),
	(52, 1, 52, '2020-05-06 09:00:00', '2020-05-06 11:00:00'),
	(53, 1, 53, '2020-05-06 09:00:00', '2020-05-06 11:00:00'),
	(54, 1, 54, '2020-05-06 09:00:00', '2020-05-06 11:00:00'),
	(55, 1, 55, '2020-05-06 09:00:00', '2020-05-06 11:00:00'),
	(56, 1, 56, '2020-05-06 09:00:00', '2020-05-06 11:00:00'),
	(57, 1, 57, '2020-05-06 09:00:00', '2020-05-06 11:00:00'),
	(58, 1, 58, '2020-05-06 09:00:00', '2020-05-06 11:00:00'),
	(59, 1, 59, '2020-05-06 09:00:00', '2020-05-06 11:00:00'),
	(60, 1, 60, '2020-05-06 09:00:00', '2020-05-06 11:00:00'),
	(61, 1, 61, '2020-05-06 09:00:00', '2020-05-06 11:00:00'),
	(62, 1, 62, '2020-05-06 09:00:00', '2020-05-06 11:00:00'),
	(63, 1, 63, '2020-05-06 09:00:00', '2020-05-06 11:00:00'),
	(64, 1, 64, '2020-05-06 09:00:00', '2020-05-06 11:00:00'),
	(65, 1, 65, '2020-05-06 09:00:00', '2020-05-06 11:00:00'),
	(66, 1, 66, '2020-05-06 09:00:00', '2020-05-06 11:00:00'),
	(67, 1, 67, '2020-05-06 09:00:00', '2020-05-06 11:00:00'),
	(68, 1, 68, '2020-05-06 09:00:00', '2020-05-06 11:00:00'),
	(69, 1, 69, '2020-05-06 09:00:00', '2020-05-06 11:00:00'),
	(70, 1, 70, '2020-05-06 09:00:00', '2020-05-06 11:00:00'),
	(71, 1, 71, '2020-05-06 09:00:00', '2020-05-06 11:00:00'),
	(72, 1, 72, '2020-05-06 09:00:00', '2020-05-06 11:00:00'),
	(73, 1, 73, '2020-05-06 09:00:00', '2020-05-06 11:00:00'),
	(74, 1, 74, '2020-05-06 09:00:00', '2020-05-06 11:00:00'),
	(75, 1, 75, '2020-05-06 09:00:00', '2020-05-06 11:00:00'),
	(76, 1, 76, '2020-05-06 09:00:00', '2020-05-06 11:00:00'),
	(77, 1, 77, '2020-05-06 09:00:00', '2020-05-06 11:00:00'),
	(78, 1, 78, '2020-05-06 09:00:00', '2020-05-06 11:00:00'),
	(79, 1, 79, '2020-05-06 09:00:00', '2020-05-06 11:00:00'),
	(80, 1, 80, '2020-05-06 09:00:00', '2020-05-06 11:00:00'),
	(81, 1, 81, '2020-05-06 09:00:00', '2020-05-06 11:00:00'),
	(82, 1, 82, '2020-05-06 09:00:00', '2020-05-06 11:00:00'),
	(83, 1, 83, '2020-05-06 09:00:00', '2020-05-06 11:00:00'),
	(84, 1, 84, '2020-05-06 09:00:00', '2020-05-06 11:00:00'),
	(85, 1, 85, '2020-05-06 09:00:00', '2020-05-06 11:00:00'),
	(86, 1, 86, '2020-05-06 09:00:00', '2020-05-06 11:00:00'),
	(87, 1, 87, '2020-05-06 09:00:00', '2020-05-06 11:00:00'),
	(88, 1, 88, '2020-05-06 09:00:00', '2020-05-06 11:00:00'),
	(89, 1, 89, '2020-05-06 09:00:00', '2020-05-06 11:00:00'),
	(90, 1, 90, '2020-05-06 09:00:00', '2020-05-06 11:00:00'),
	(91, 1, 91, '2020-05-06 09:00:00', '2020-05-06 11:00:00'),
	(92, 1, 92, '2020-05-06 09:00:00', '2020-05-06 11:00:00'),
	(93, 1, 93, '2020-05-06 09:00:00', '2020-05-06 11:00:00'),
	(94, 1, 94, '2020-05-06 09:00:00', '2020-05-06 11:00:00'),
	(95, 1, 95, '2020-05-06 09:00:00', '2020-05-06 11:00:00'),
	(96, 1, 96, '2020-05-06 09:00:00', '2020-05-06 11:00:00'),
	(97, 1, 97, '2020-05-06 09:00:00', '2020-05-06 11:00:00'),
	(98, 1, 98, '2020-05-06 09:00:00', '2020-05-06 11:00:00'),
	(99, 1, 99, '2020-05-06 09:00:00', '2020-05-06 11:00:00'),
	(100, 1, 100, '2020-05-06 09:00:00', '2020-05-06 11:00:00'),
	(101, 1, 101, '2020-05-06 09:00:00', '2020-05-06 11:00:00'),
	(102, 1, 102, '2020-05-06 09:00:00', '2020-05-06 11:00:00'),
	(103, 1, 103, '2020-05-06 09:00:00', '2020-05-06 11:00:00'),
	(104, 1, 104, '2020-05-06 09:00:00', '2020-05-06 11:00:00'),
	(105, 1, 105, '2020-05-06 09:00:00', '2020-05-06 11:00:00'),
	(106, 1, 106, '2020-05-06 09:00:00', '2020-05-06 11:00:00'),
	(107, 1, 107, '2020-05-06 09:00:00', '2020-05-06 11:00:00'),
	(108, 1, 108, '2020-05-06 09:00:00', '2020-05-06 11:00:00'),
	(109, 1, 109, '2020-05-06 09:00:00', '2020-05-06 11:00:00'),
	(110, 1, 110, '2020-05-06 09:00:00', '2020-05-06 11:00:00'),
	(111, 1, 111, '2020-05-06 09:00:00', '2020-05-06 11:00:00'),
	(112, 1, 112, '2020-05-06 09:00:00', '2020-05-06 11:00:00'),
	(113, 1, 113, '2020-05-06 09:00:00', '2020-05-06 11:00:00'),
	(114, 1, 114, '2020-05-06 09:00:00', '2020-05-06 11:00:00'),
	(115, 1, 115, '2020-05-06 09:00:00', '2020-05-06 11:00:00'),
	(116, 1, 116, '2020-05-06 09:00:00', '2020-05-06 11:00:00'),
	(117, 1, 117, '2020-05-06 09:00:00', '2020-05-06 11:00:00'),
	(118, 1, 118, '2020-05-06 09:00:00', '2020-05-06 11:00:00'),
	(119, 1, 119, '2020-05-06 09:00:00', '2020-05-06 11:00:00'),
	(120, 1, 120, '2020-05-06 09:00:00', '2020-05-06 11:00:00'),
	(121, 1, 121, '2020-05-06 09:00:00', '2020-05-06 11:00:00'),
	(122, 1, 122, '2020-05-06 09:00:00', '2020-05-06 11:00:00'),
	(123, 1, 123, '2020-05-06 09:00:00', '2020-05-06 11:00:00'),
	(124, 1, 124, '2020-05-06 09:00:00', '2020-05-06 11:00:00'),
	(125, 1, 125, '2020-05-06 09:00:00', '2020-05-06 11:00:00'),
	(126, 1, 126, '2020-05-06 09:00:00', '2020-05-06 11:00:00'),
	(127, 1, 127, '2020-05-06 09:00:00', '2020-05-06 11:00:00'),
	(128, 1, 128, '2020-05-06 09:00:00', '2020-05-06 11:00:00'),
	(129, 1, 129, '2020-05-06 09:00:00', '2020-05-06 11:00:00'),
	(130, 1, 130, '2020-05-06 09:00:00', '2020-05-06 11:00:00'),
	(131, 1, 131, '2020-05-06 09:00:00', '2020-05-06 11:00:00'),
	(132, 1, 132, '2020-05-06 09:00:00', '2020-05-06 11:00:00'),
	(133, 1, 133, '2020-05-06 09:00:00', '2020-05-06 11:00:00'),
	(134, 1, 134, '2020-05-06 09:00:00', '2020-05-06 11:00:00'),
	(135, 1, 135, '2020-05-06 09:00:00', '2020-05-06 11:00:00'),
	(136, 1, 136, '2020-05-06 09:00:00', '2020-05-06 11:00:00'),
	(137, 1, 137, '2020-05-06 09:00:00', '2020-05-06 11:00:00'),
	(138, 1, 138, '2020-05-06 09:00:00', '2020-05-06 11:00:00'),
	(139, 1, 139, '2020-05-06 09:00:00', '2020-05-06 11:00:00'),
	(140, 1, 140, '2020-05-06 09:00:00', '2020-05-06 11:00:00'),
	(141, 1, 141, '2020-05-06 09:00:00', '2020-05-06 11:00:00'),
	(142, 1, 142, '2020-05-06 09:00:00', '2020-05-06 11:00:00'),
	(143, 1, 143, '2020-05-06 09:00:00', '2020-05-06 11:00:00'),
	(144, 1, 144, '2020-05-06 09:00:00', '2020-05-06 11:00:00'),
	(145, 1, 145, '2020-05-06 09:00:00', '2020-05-06 11:00:00'),
	(146, 1, 146, '2020-05-06 09:00:00', '2020-05-06 11:00:00'),
	(147, 1, 147, '2020-05-06 09:00:00', '2020-05-06 11:00:00'),
	(148, 1, 148, '2020-05-06 09:00:00', '2020-05-06 11:00:00'),
	(149, 1, 149, '2020-05-06 09:00:00', '2020-05-06 11:00:00'),
	(150, 1, 150, '2020-05-06 09:00:00', '2020-05-06 11:00:00'),
	(151, 1, 151, '2020-05-06 09:00:00', '2020-05-06 11:00:00'),
	(152, 1, 152, '2020-05-06 09:00:00', '2020-05-06 11:00:00'),
	(153, 1, 153, '2020-05-06 09:00:00', '2020-05-06 11:00:00'),
	(154, 1, 154, '2020-05-06 09:00:00', '2020-05-06 11:00:00'),
	(155, 1, 155, '2020-05-06 09:00:00', '2020-05-06 11:00:00'),
	(156, 1, 156, '2020-05-06 09:00:00', '2020-05-06 11:00:00'),
	(157, 1, 157, '2020-05-06 09:00:00', '2020-05-06 11:00:00'),
	(158, 1, 158, '2020-05-06 09:00:00', '2020-05-06 11:00:00'),
	(159, 1, 159, '2020-05-06 09:00:00', '2020-05-06 11:00:00'),
	(160, 1, 160, '2020-05-06 09:00:00', '2020-05-06 11:00:00'),
	(161, 1, 161, '2020-05-06 09:00:00', '2020-05-06 11:00:00'),
	(162, 1, 162, '2020-05-06 09:00:00', '2020-05-06 11:00:00'),
	(163, 1, 163, '2020-05-06 09:00:00', '2020-05-06 11:00:00'),
	(164, 1, 164, '2020-05-06 09:00:00', '2020-05-06 11:00:00'),
	(165, 1, 165, '2020-05-06 09:00:00', '2020-05-06 11:00:00'),
	(166, 1, 166, '2020-05-06 09:00:00', '2020-05-06 11:00:00'),
	(167, 1, 167, '2020-05-06 09:00:00', '2020-05-06 11:00:00'),
	(168, 1, 168, '2020-05-06 09:00:00', '2020-05-06 11:00:00'),
	(169, 1, 169, '2020-05-06 09:00:00', '2020-05-06 11:00:00'),
	(170, 1, 170, '2020-05-06 09:00:00', '2020-05-06 11:00:00'),
	(171, 1, 171, '2020-05-06 09:00:00', '2020-05-06 11:00:00'),
	(172, 1, 172, '2020-05-06 09:00:00', '2020-05-06 11:00:00'),
	(173, 1, 173, '2020-05-06 09:00:00', '2020-05-06 11:00:00'),
	(174, 1, 174, '2020-05-06 09:00:00', '2020-05-06 11:00:00'),
	(175, 1, 175, '2020-05-06 09:00:00', '2020-05-06 11:00:00'),
	(176, 1, 176, '2020-05-06 09:00:00', '2020-05-06 11:00:00'),
	(177, 1, 177, '2020-05-06 09:00:00', '2020-05-06 11:00:00'),
	(178, 1, 178, '2020-05-06 09:00:00', '2020-05-06 11:00:00'),
	(179, 1, 179, '2020-05-06 09:00:00', '2020-05-06 11:00:00'),
	(180, 1, 180, '2020-05-06 09:00:00', '2020-05-06 11:00:00'),
	(181, 1, 181, '2020-05-06 09:00:00', '2020-05-06 11:00:00'),
	(182, 1, 182, '2020-05-06 09:00:00', '2020-05-06 11:00:00'),
	(183, 1, 183, '2020-05-06 09:00:00', '2020-05-06 11:00:00'),
	(184, 1, 184, '2020-05-06 09:00:00', '2020-05-06 11:00:00'),
	(185, 1, 185, '2020-05-06 09:00:00', '2020-05-06 11:00:00'),
	(186, 1, 186, '2020-05-06 09:00:00', '2020-05-06 11:00:00'),
	(187, 1, 187, '2020-05-06 09:00:00', '2020-05-06 11:00:00'),
	(188, 1, 188, '2020-05-06 09:00:00', '2020-05-06 11:00:00'),
	(189, 1, 189, '2020-05-06 09:00:00', '2020-05-06 11:00:00'),
	(190, 1, 190, '2020-05-06 09:00:00', '2020-05-06 11:00:00'),
	(191, 1, 191, '2020-05-06 09:00:00', '2020-05-06 11:00:00'),
	(192, 1, 192, '2020-05-06 09:00:00', '2020-05-06 11:00:00'),
	(193, 1, 193, '2020-05-06 09:00:00', '2020-05-06 11:00:00'),
	(194, 1, 194, '2020-05-06 09:00:00', '2020-05-06 11:00:00'),
	(195, 1, 195, '2020-05-06 09:00:00', '2020-05-06 11:00:00'),
	(196, 1, 196, '2020-05-06 09:00:00', '2020-05-06 11:00:00'),
	(197, 1, 197, '2020-05-06 09:00:00', '2020-05-06 11:00:00'),
	(198, 1, 198, '2020-05-06 09:00:00', '2020-05-06 11:00:00'),
	(199, 1, 199, '2020-05-06 09:00:00', '2020-05-06 11:00:00'),
	(200, 1, 200, '2020-05-06 09:00:00', '2020-05-06 11:00:00'),
	(201, 1, 201, '2020-05-06 09:00:00', '2020-05-06 11:00:00'),
	(202, 1, 202, '2020-05-06 09:00:00', '2020-05-06 11:00:00'),
	(204, 1, 204, '2020-05-06 09:00:00', '2020-05-06 11:00:00'),
	(205, 1, 205, '2020-05-06 09:00:00', '2020-05-06 11:00:00'),
	(206, 1, 206, '2020-05-06 09:00:00', '2020-05-06 11:00:00'),
	(207, 1, 207, '2020-05-06 09:00:00', '2020-05-06 11:00:00'),
	(208, 1, 208, '2020-05-06 09:00:00', '2020-05-06 11:00:00'),
	(209, 1, 209, '2020-05-06 09:00:00', '2020-05-06 11:00:00'),
	(210, 1, 210, '2020-05-06 09:00:00', '2020-05-06 11:00:00'),
	(211, 1, 211, '2020-05-06 09:00:00', '2020-05-06 11:00:00'),
	(212, 1, 212, '2020-05-06 09:00:00', '2020-05-06 11:00:00'),
	(213, 1, 213, '2020-05-06 09:00:00', '2020-05-06 11:00:00'),
	(214, 1, 214, '2020-05-06 09:00:00', '2020-05-06 11:00:00'),
	(215, 1, 215, '2020-05-06 09:00:00', '2020-05-06 11:00:00'),
	(216, 1, 216, '2020-05-06 09:00:00', '2020-05-06 11:00:00'),
	(217, 1, 217, '2020-05-06 09:00:00', '2020-05-06 11:00:00');
/*!40000 ALTER TABLE `asistenciacursos` ENABLE KEYS */;

-- Volcando estructura para tabla farojeqn_bdpjhuanuco.certificados
CREATE TABLE IF NOT EXISTS `certificados` (
  `id_certificado` int(6) NOT NULL AUTO_INCREMENT,
  `id_curso` int(10) NOT NULL,
  `id_presidente` int(10) DEFAULT NULL,
  `id_alumno` int(10) NOT NULL,
  `fecha_certificado` timestamp NOT NULL DEFAULT CURRENT_TIMESTAMP,
  `tipocertificado` varchar(20) NOT NULL,
  `qr_code` varchar(150) NOT NULL,
  `pdf_certificado` varchar(500) DEFAULT NULL,
  PRIMARY KEY (`id_certificado`),
  KEY `FK_certificado_presidente` (`id_presidente`),
  CONSTRAINT `FK_certificado_presidente` FOREIGN KEY (`id_presidente`) REFERENCES `presidente` (`id_presidente`) ON DELETE NO ACTION ON UPDATE NO ACTION
) ENGINE=InnoDB AUTO_INCREMENT=431 DEFAULT CHARSET=latin1;

-- Volcando datos para la tabla farojeqn_bdpjhuanuco.certificados: ~0 rows (aproximadamente)
DELETE FROM `certificados`;
/*!40000 ALTER TABLE `certificados` DISABLE KEYS */;
INSERT INTO `certificados` (`id_certificado`, `id_curso`, `id_presidente`, `id_alumno`, `fecha_certificado`, `tipocertificado`, `qr_code`, `pdf_certificado`) VALUES
	(1, 1, 1, 1, '2020-09-10 23:15:22', 'ASISTENTE', '226-05-2020-CV-CSJHCO-PJ', '226-05-2020-CV-CSJHCO-PJ.pdf'),
	(2, 1, 1, 2, '2020-09-10 23:15:24', 'ASISTENTE', '227-05-2020-CV-CSJHCO-PJ', '227-05-2020-CV-CSJHCO-PJ.pdf'),
	(3, 1, 1, 3, '2020-09-10 23:15:25', 'ASISTENTE', '228-05-2020-CV-CSJHCO-PJ', '228-05-2020-CV-CSJHCO-PJ.pdf'),
	(4, 1, 1, 4, '2020-09-10 23:15:27', 'ASISTENTE', '229-05-2020-CV-CSJHCO-PJ', '229-05-2020-CV-CSJHCO-PJ.pdf'),
	(5, 1, 1, 5, '2020-09-10 23:15:28', 'ASISTENTE', '230-05-2020-CV-CSJHCO-PJ', '230-05-2020-CV-CSJHCO-PJ.pdf'),
	(6, 1, 1, 7, '2020-09-10 23:15:29', 'ASISTENTE', '231-05-2020-CV-CSJHCO-PJ', '231-05-2020-CV-CSJHCO-PJ.pdf'),
	(7, 1, 1, 8, '2020-09-10 23:15:31', 'ASISTENTE', '232-05-2020-CV-CSJHCO-PJ', '232-05-2020-CV-CSJHCO-PJ.pdf'),
	(8, 1, 1, 9, '2020-09-10 23:15:33', 'ASISTENTE', '233-05-2020-CV-CSJHCO-PJ', '233-05-2020-CV-CSJHCO-PJ.pdf'),
	(9, 1, 1, 10, '2020-09-10 23:15:34', 'ASISTENTE', '234-05-2020-CV-CSJHCO-PJ', '234-05-2020-CV-CSJHCO-PJ.pdf'),
	(10, 1, 1, 11, '2020-09-10 23:15:36', 'ASISTENTE', '235-05-2020-CV-CSJHCO-PJ', '235-05-2020-CV-CSJHCO-PJ.pdf'),
	(11, 1, 1, 12, '2020-09-10 23:15:37', 'ASISTENTE', '236-05-2020-CV-CSJHCO-PJ', '236-05-2020-CV-CSJHCO-PJ.pdf'),
	(12, 1, 1, 13, '2020-09-10 23:15:38', 'ASISTENTE', '237-05-2020-CV-CSJHCO-PJ', '237-05-2020-CV-CSJHCO-PJ.pdf'),
	(13, 1, 1, 14, '2020-09-10 23:15:40', 'ASISTENTE', '238-05-2020-CV-CSJHCO-PJ', '238-05-2020-CV-CSJHCO-PJ.pdf'),
	(14, 1, 1, 15, '2020-09-10 23:15:41', 'ASISTENTE', '239-05-2020-CV-CSJHCO-PJ', '239-05-2020-CV-CSJHCO-PJ.pdf'),
	(15, 1, 1, 16, '2020-09-10 23:15:42', 'ASISTENTE', '240-05-2020-CV-CSJHCO-PJ', '240-05-2020-CV-CSJHCO-PJ.pdf'),
	(16, 1, 1, 17, '2020-09-10 23:15:43', 'ASISTENTE', '241-05-2020-CV-CSJHCO-PJ', '241-05-2020-CV-CSJHCO-PJ.pdf'),
	(17, 1, 1, 18, '2020-09-10 23:15:45', 'ASISTENTE', '242-05-2020-CV-CSJHCO-PJ', '242-05-2020-CV-CSJHCO-PJ.pdf'),
	(18, 1, 1, 19, '2020-09-10 23:15:46', 'ASISTENTE', '243-05-2020-CV-CSJHCO-PJ', '243-05-2020-CV-CSJHCO-PJ.pdf'),
	(19, 1, 1, 20, '2020-09-10 23:15:47', 'ASISTENTE', '244-05-2020-CV-CSJHCO-PJ', '244-05-2020-CV-CSJHCO-PJ.pdf'),
	(20, 1, 1, 21, '2020-09-10 23:15:49', 'ASISTENTE', '245-05-2020-CV-CSJHCO-PJ', '245-05-2020-CV-CSJHCO-PJ.pdf'),
	(21, 1, 1, 22, '2020-09-10 23:15:50', 'ASISTENTE', '246-05-2020-CV-CSJHCO-PJ', '246-05-2020-CV-CSJHCO-PJ.pdf'),
	(22, 1, 1, 23, '2020-09-10 23:15:51', 'ASISTENTE', '247-05-2020-CV-CSJHCO-PJ', '247-05-2020-CV-CSJHCO-PJ.pdf'),
	(23, 1, 1, 24, '2020-09-10 23:15:53', 'ASISTENTE', '248-05-2020-CV-CSJHCO-PJ', '248-05-2020-CV-CSJHCO-PJ.pdf'),
	(24, 1, 1, 25, '2020-09-10 23:15:54', 'ASISTENTE', '249-05-2020-CV-CSJHCO-PJ', '249-05-2020-CV-CSJHCO-PJ.pdf'),
	(25, 1, 1, 26, '2020-09-10 23:15:55', 'ASISTENTE', '250-05-2020-CV-CSJHCO-PJ', '250-05-2020-CV-CSJHCO-PJ.pdf'),
	(26, 1, 1, 27, '2020-09-10 23:15:57', 'ASISTENTE', '251-05-2020-CV-CSJHCO-PJ', '251-05-2020-CV-CSJHCO-PJ.pdf'),
	(27, 1, 1, 28, '2020-09-10 23:15:58', 'ASISTENTE', '252-05-2020-CV-CSJHCO-PJ', '252-05-2020-CV-CSJHCO-PJ.pdf'),
	(28, 1, 1, 29, '2020-09-10 23:15:59', 'ASISTENTE', '253-05-2020-CV-CSJHCO-PJ', '253-05-2020-CV-CSJHCO-PJ.pdf'),
	(29, 1, 1, 30, '2020-09-10 23:16:00', 'ASISTENTE', '254-05-2020-CV-CSJHCO-PJ', '254-05-2020-CV-CSJHCO-PJ.pdf'),
	(30, 1, 1, 31, '2020-09-10 23:16:01', 'ASISTENTE', '255-05-2020-CV-CSJHCO-PJ', '255-05-2020-CV-CSJHCO-PJ.pdf'),
	(31, 1, 1, 32, '2020-09-10 23:16:03', 'ASISTENTE', '256-05-2020-CV-CSJHCO-PJ', '256-05-2020-CV-CSJHCO-PJ.pdf'),
	(32, 1, 1, 33, '2020-09-10 23:16:05', 'ASISTENTE', '257-05-2020-CV-CSJHCO-PJ', '257-05-2020-CV-CSJHCO-PJ.pdf'),
	(33, 1, 1, 34, '2020-09-10 23:16:06', 'ASISTENTE', '258-05-2020-CV-CSJHCO-PJ', '258-05-2020-CV-CSJHCO-PJ.pdf'),
	(34, 1, 1, 35, '2020-09-10 23:16:08', 'ASISTENTE', '259-05-2020-CV-CSJHCO-PJ', '259-05-2020-CV-CSJHCO-PJ.pdf'),
	(35, 1, 1, 36, '2020-09-10 23:16:09', 'ASISTENTE', '260-05-2020-CV-CSJHCO-PJ', '260-05-2020-CV-CSJHCO-PJ.pdf'),
	(36, 1, 1, 37, '2020-09-10 23:16:11', 'ASISTENTE', '261-05-2020-CV-CSJHCO-PJ', '261-05-2020-CV-CSJHCO-PJ.pdf'),
	(37, 1, 1, 38, '2020-09-10 23:16:12', 'ASISTENTE', '262-05-2020-CV-CSJHCO-PJ', '262-05-2020-CV-CSJHCO-PJ.pdf'),
	(38, 1, 1, 39, '2020-09-10 23:16:14', 'ASISTENTE', '263-05-2020-CV-CSJHCO-PJ', '263-05-2020-CV-CSJHCO-PJ.pdf'),
	(39, 1, 1, 40, '2020-09-10 23:16:15', 'ASISTENTE', '264-05-2020-CV-CSJHCO-PJ', '264-05-2020-CV-CSJHCO-PJ.pdf'),
	(40, 1, 1, 41, '2020-09-10 23:16:16', 'ASISTENTE', '265-05-2020-CV-CSJHCO-PJ', '265-05-2020-CV-CSJHCO-PJ.pdf'),
	(41, 1, 1, 42, '2020-09-10 23:16:18', 'ASISTENTE', '266-05-2020-CV-CSJHCO-PJ', '266-05-2020-CV-CSJHCO-PJ.pdf'),
	(42, 1, 1, 43, '2020-09-10 23:16:19', 'ASISTENTE', '267-05-2020-CV-CSJHCO-PJ', '267-05-2020-CV-CSJHCO-PJ.pdf'),
	(43, 1, 1, 44, '2020-09-10 23:16:20', 'ASISTENTE', '268-05-2020-CV-CSJHCO-PJ', '268-05-2020-CV-CSJHCO-PJ.pdf'),
	(44, 1, 1, 45, '2020-09-10 23:16:21', 'ASISTENTE', '269-05-2020-CV-CSJHCO-PJ', '269-05-2020-CV-CSJHCO-PJ.pdf'),
	(45, 1, 1, 46, '2020-09-10 23:16:23', 'ASISTENTE', '270-05-2020-CV-CSJHCO-PJ', '270-05-2020-CV-CSJHCO-PJ.pdf'),
	(46, 1, 1, 47, '2020-09-10 23:16:25', 'ASISTENTE', '271-05-2020-CV-CSJHCO-PJ', '271-05-2020-CV-CSJHCO-PJ.pdf'),
	(47, 1, 1, 48, '2020-09-10 23:16:27', 'ASISTENTE', '272-05-2020-CV-CSJHCO-PJ', '272-05-2020-CV-CSJHCO-PJ.pdf'),
	(48, 1, 1, 49, '2020-09-10 23:16:29', 'ASISTENTE', '273-05-2020-CV-CSJHCO-PJ', '273-05-2020-CV-CSJHCO-PJ.pdf'),
	(49, 1, 1, 50, '2020-09-10 23:16:31', 'ASISTENTE', '274-05-2020-CV-CSJHCO-PJ', '274-05-2020-CV-CSJHCO-PJ.pdf'),
	(50, 1, 1, 51, '2020-09-10 23:16:33', 'ASISTENTE', '275-05-2020-CV-CSJHCO-PJ', '275-05-2020-CV-CSJHCO-PJ.pdf'),
	(51, 1, 1, 52, '2020-09-10 23:16:34', 'ASISTENTE', '276-05-2020-CV-CSJHCO-PJ', '276-05-2020-CV-CSJHCO-PJ.pdf'),
	(52, 1, 1, 53, '2020-09-10 23:16:36', 'ASISTENTE', '277-05-2020-CV-CSJHCO-PJ', '277-05-2020-CV-CSJHCO-PJ.pdf'),
	(53, 1, 1, 54, '2020-09-10 23:16:38', 'ASISTENTE', '278-05-2020-CV-CSJHCO-PJ', '278-05-2020-CV-CSJHCO-PJ.pdf'),
	(54, 1, 1, 55, '2020-09-10 23:16:39', 'ASISTENTE', '279-05-2020-CV-CSJHCO-PJ', '279-05-2020-CV-CSJHCO-PJ.pdf'),
	(55, 1, 1, 56, '2020-09-10 23:16:41', 'ASISTENTE', '280-05-2020-CV-CSJHCO-PJ', '280-05-2020-CV-CSJHCO-PJ.pdf'),
	(56, 1, 1, 57, '2020-09-10 23:16:43', 'ASISTENTE', '281-05-2020-CV-CSJHCO-PJ', '281-05-2020-CV-CSJHCO-PJ.pdf'),
	(57, 1, 1, 58, '2020-09-10 23:16:44', 'ASISTENTE', '282-05-2020-CV-CSJHCO-PJ', '282-05-2020-CV-CSJHCO-PJ.pdf'),
	(58, 1, 1, 59, '2020-09-10 23:16:46', 'ASISTENTE', '283-05-2020-CV-CSJHCO-PJ', '283-05-2020-CV-CSJHCO-PJ.pdf'),
	(59, 1, 1, 60, '2020-09-10 23:16:48', 'ASISTENTE', '284-05-2020-CV-CSJHCO-PJ', '284-05-2020-CV-CSJHCO-PJ.pdf'),
	(60, 1, 1, 61, '2020-09-10 23:16:49', 'ASISTENTE', '285-05-2020-CV-CSJHCO-PJ', '285-05-2020-CV-CSJHCO-PJ.pdf'),
	(61, 1, 1, 62, '2020-09-10 23:16:50', 'ASISTENTE', '286-05-2020-CV-CSJHCO-PJ', '286-05-2020-CV-CSJHCO-PJ.pdf'),
	(62, 1, 1, 63, '2020-09-10 23:16:51', 'ASISTENTE', '287-05-2020-CV-CSJHCO-PJ', '287-05-2020-CV-CSJHCO-PJ.pdf'),
	(63, 1, 1, 64, '2020-09-10 23:16:52', 'ASISTENTE', '288-05-2020-CV-CSJHCO-PJ', '288-05-2020-CV-CSJHCO-PJ.pdf'),
	(64, 1, 1, 65, '2020-09-10 23:16:53', 'ASISTENTE', '289-05-2020-CV-CSJHCO-PJ', '289-05-2020-CV-CSJHCO-PJ.pdf'),
	(65, 1, 1, 66, '2020-09-10 23:16:55', 'ASISTENTE', '290-05-2020-CV-CSJHCO-PJ', '290-05-2020-CV-CSJHCO-PJ.pdf'),
	(66, 1, 1, 67, '2020-09-10 23:16:57', 'ASISTENTE', '291-05-2020-CV-CSJHCO-PJ', '291-05-2020-CV-CSJHCO-PJ.pdf'),
	(67, 1, 1, 68, '2020-09-10 23:16:58', 'ASISTENTE', '292-05-2020-CV-CSJHCO-PJ', '292-05-2020-CV-CSJHCO-PJ.pdf'),
	(68, 1, 1, 69, '2020-09-10 23:17:00', 'ASISTENTE', '293-05-2020-CV-CSJHCO-PJ', '293-05-2020-CV-CSJHCO-PJ.pdf'),
	(69, 1, 1, 70, '2020-09-10 23:17:02', 'ASISTENTE', '294-05-2020-CV-CSJHCO-PJ', '294-05-2020-CV-CSJHCO-PJ.pdf'),
	(70, 1, 1, 71, '2020-09-10 23:17:04', 'ASISTENTE', '295-05-2020-CV-CSJHCO-PJ', '295-05-2020-CV-CSJHCO-PJ.pdf'),
	(71, 1, 1, 72, '2020-09-10 23:17:06', 'ASISTENTE', '296-05-2020-CV-CSJHCO-PJ', '296-05-2020-CV-CSJHCO-PJ.pdf'),
	(72, 1, 1, 73, '2020-09-10 23:17:08', 'ASISTENTE', '297-05-2020-CV-CSJHCO-PJ', '297-05-2020-CV-CSJHCO-PJ.pdf'),
	(73, 1, 1, 74, '2020-09-10 23:17:10', 'ASISTENTE', '298-05-2020-CV-CSJHCO-PJ', '298-05-2020-CV-CSJHCO-PJ.pdf'),
	(74, 1, 1, 75, '2020-09-10 23:17:12', 'ASISTENTE', '299-05-2020-CV-CSJHCO-PJ', '299-05-2020-CV-CSJHCO-PJ.pdf'),
	(75, 1, 1, 76, '2020-09-10 23:17:13', 'ASISTENTE', '300-05-2020-CV-CSJHCO-PJ', '300-05-2020-CV-CSJHCO-PJ.pdf'),
	(76, 1, 1, 77, '2020-09-10 23:17:15', 'ASISTENTE', '301-05-2020-CV-CSJHCO-PJ', '301-05-2020-CV-CSJHCO-PJ.pdf'),
	(77, 1, 1, 78, '2020-09-10 23:17:17', 'ASISTENTE', '302-05-2020-CV-CSJHCO-PJ', '302-05-2020-CV-CSJHCO-PJ.pdf'),
	(78, 1, 1, 79, '2020-09-10 23:17:18', 'ASISTENTE', '303-05-2020-CV-CSJHCO-PJ', '303-05-2020-CV-CSJHCO-PJ.pdf'),
	(79, 1, 1, 80, '2020-09-10 23:17:20', 'ASISTENTE', '304-05-2020-CV-CSJHCO-PJ', '304-05-2020-CV-CSJHCO-PJ.pdf'),
	(80, 1, 1, 81, '2020-09-10 23:17:22', 'ASISTENTE', '305-05-2020-CV-CSJHCO-PJ', '305-05-2020-CV-CSJHCO-PJ.pdf'),
	(81, 1, 1, 82, '2020-09-10 23:17:23', 'ASISTENTE', '306-05-2020-CV-CSJHCO-PJ', '306-05-2020-CV-CSJHCO-PJ.pdf'),
	(82, 1, 1, 83, '2020-09-10 23:17:25', 'ASISTENTE', '307-05-2020-CV-CSJHCO-PJ', '307-05-2020-CV-CSJHCO-PJ.pdf'),
	(83, 1, 1, 84, '2020-09-10 23:17:27', 'ASISTENTE', '308-05-2020-CV-CSJHCO-PJ', '308-05-2020-CV-CSJHCO-PJ.pdf'),
	(84, 1, 1, 85, '2020-09-10 23:17:28', 'ASISTENTE', '309-05-2020-CV-CSJHCO-PJ', '309-05-2020-CV-CSJHCO-PJ.pdf'),
	(85, 1, 1, 86, '2020-09-10 23:17:30', 'ASISTENTE', '310-05-2020-CV-CSJHCO-PJ', '310-05-2020-CV-CSJHCO-PJ.pdf'),
	(86, 1, 1, 87, '2020-09-10 23:17:32', 'ASISTENTE', '311-05-2020-CV-CSJHCO-PJ', '311-05-2020-CV-CSJHCO-PJ.pdf'),
	(87, 1, 1, 88, '2020-09-10 23:17:34', 'ASISTENTE', '312-05-2020-CV-CSJHCO-PJ', '312-05-2020-CV-CSJHCO-PJ.pdf'),
	(88, 1, 1, 89, '2020-09-10 23:17:35', 'ASISTENTE', '313-05-2020-CV-CSJHCO-PJ', '313-05-2020-CV-CSJHCO-PJ.pdf'),
	(89, 1, 1, 90, '2020-09-10 23:17:37', 'ASISTENTE', '314-05-2020-CV-CSJHCO-PJ', '314-05-2020-CV-CSJHCO-PJ.pdf'),
	(90, 1, 1, 91, '2020-09-10 23:17:39', 'ASISTENTE', '315-05-2020-CV-CSJHCO-PJ', '315-05-2020-CV-CSJHCO-PJ.pdf'),
	(91, 1, 1, 92, '2020-09-10 23:17:40', 'ASISTENTE', '316-05-2020-CV-CSJHCO-PJ', '316-05-2020-CV-CSJHCO-PJ.pdf'),
	(92, 1, 1, 93, '2020-09-10 23:17:42', 'ASISTENTE', '317-05-2020-CV-CSJHCO-PJ', '317-05-2020-CV-CSJHCO-PJ.pdf'),
	(93, 1, 1, 94, '2020-09-10 23:17:44', 'ASISTENTE', '318-05-2020-CV-CSJHCO-PJ', '318-05-2020-CV-CSJHCO-PJ.pdf'),
	(94, 1, 1, 95, '2020-09-10 23:17:45', 'ASISTENTE', '319-05-2020-CV-CSJHCO-PJ', '319-05-2020-CV-CSJHCO-PJ.pdf'),
	(95, 1, 1, 96, '2020-09-10 23:17:47', 'ASISTENTE', '320-05-2020-CV-CSJHCO-PJ', '320-05-2020-CV-CSJHCO-PJ.pdf'),
	(96, 1, 1, 97, '2020-09-10 23:17:48', 'ASISTENTE', '321-05-2020-CV-CSJHCO-PJ', '321-05-2020-CV-CSJHCO-PJ.pdf'),
	(97, 1, 1, 98, '2020-09-10 23:17:50', 'ASISTENTE', '322-05-2020-CV-CSJHCO-PJ', '322-05-2020-CV-CSJHCO-PJ.pdf'),
	(98, 1, 1, 99, '2020-09-10 23:17:52', 'ASISTENTE', '323-05-2020-CV-CSJHCO-PJ', '323-05-2020-CV-CSJHCO-PJ.pdf'),
	(99, 1, 1, 100, '2020-09-10 23:17:53', 'ASISTENTE', '324-05-2020-CV-CSJHCO-PJ', '324-05-2020-CV-CSJHCO-PJ.pdf'),
	(100, 1, 1, 101, '2020-09-10 23:17:55', 'ASISTENTE', '325-05-2020-CV-CSJHCO-PJ', '325-05-2020-CV-CSJHCO-PJ.pdf'),
	(101, 1, 1, 102, '2020-09-10 23:17:57', 'ASISTENTE', '326-05-2020-CV-CSJHCO-PJ', '326-05-2020-CV-CSJHCO-PJ.pdf'),
	(102, 1, 1, 103, '2020-09-10 23:17:58', 'ASISTENTE', '327-05-2020-CV-CSJHCO-PJ', '327-05-2020-CV-CSJHCO-PJ.pdf'),
	(103, 1, 1, 104, '2020-09-10 23:18:00', 'ASISTENTE', '328-05-2020-CV-CSJHCO-PJ', '328-05-2020-CV-CSJHCO-PJ.pdf'),
	(104, 1, 1, 105, '2020-09-10 23:18:02', 'ASISTENTE', '329-05-2020-CV-CSJHCO-PJ', '329-05-2020-CV-CSJHCO-PJ.pdf'),
	(105, 1, 1, 106, '2020-09-10 23:18:04', 'ASISTENTE', '330-05-2020-CV-CSJHCO-PJ', '330-05-2020-CV-CSJHCO-PJ.pdf'),
	(106, 1, 1, 107, '2020-09-10 23:18:06', 'ASISTENTE', '331-05-2020-CV-CSJHCO-PJ', '331-05-2020-CV-CSJHCO-PJ.pdf'),
	(107, 1, 1, 108, '2020-09-10 23:18:09', 'ASISTENTE', '332-05-2020-CV-CSJHCO-PJ', '332-05-2020-CV-CSJHCO-PJ.pdf'),
	(108, 1, 1, 109, '2020-09-10 23:18:12', 'ASISTENTE', '333-05-2020-CV-CSJHCO-PJ', '333-05-2020-CV-CSJHCO-PJ.pdf'),
	(109, 1, 1, 110, '2020-09-10 23:18:14', 'ASISTENTE', '334-05-2020-CV-CSJHCO-PJ', '334-05-2020-CV-CSJHCO-PJ.pdf'),
	(110, 1, 1, 111, '2020-09-10 23:18:15', 'ASISTENTE', '335-05-2020-CV-CSJHCO-PJ', '335-05-2020-CV-CSJHCO-PJ.pdf'),
	(111, 1, 1, 112, '2020-09-10 23:18:17', 'ASISTENTE', '336-05-2020-CV-CSJHCO-PJ', '336-05-2020-CV-CSJHCO-PJ.pdf'),
	(112, 1, 1, 113, '2020-09-10 23:18:19', 'ASISTENTE', '337-05-2020-CV-CSJHCO-PJ', '337-05-2020-CV-CSJHCO-PJ.pdf'),
	(113, 1, 1, 114, '2020-09-10 23:18:21', 'ASISTENTE', '338-05-2020-CV-CSJHCO-PJ', '338-05-2020-CV-CSJHCO-PJ.pdf'),
	(114, 1, 1, 115, '2020-09-10 23:18:23', 'ASISTENTE', '339-05-2020-CV-CSJHCO-PJ', '339-05-2020-CV-CSJHCO-PJ.pdf'),
	(115, 1, 1, 116, '2020-09-10 23:18:24', 'ASISTENTE', '340-05-2020-CV-CSJHCO-PJ', '340-05-2020-CV-CSJHCO-PJ.pdf'),
	(116, 1, 1, 117, '2020-09-10 23:18:26', 'ASISTENTE', '341-05-2020-CV-CSJHCO-PJ', '341-05-2020-CV-CSJHCO-PJ.pdf'),
	(117, 1, 1, 118, '2020-09-10 23:18:28', 'ASISTENTE', '342-05-2020-CV-CSJHCO-PJ', '342-05-2020-CV-CSJHCO-PJ.pdf'),
	(118, 1, 1, 119, '2020-09-10 23:18:29', 'ASISTENTE', '343-05-2020-CV-CSJHCO-PJ', '343-05-2020-CV-CSJHCO-PJ.pdf'),
	(119, 1, 1, 120, '2020-09-10 23:18:31', 'ASISTENTE', '344-05-2020-CV-CSJHCO-PJ', '344-05-2020-CV-CSJHCO-PJ.pdf'),
	(120, 1, 1, 121, '2020-09-10 23:18:33', 'ASISTENTE', '345-05-2020-CV-CSJHCO-PJ', '345-05-2020-CV-CSJHCO-PJ.pdf'),
	(121, 1, 1, 122, '2020-09-10 23:18:35', 'ASISTENTE', '346-05-2020-CV-CSJHCO-PJ', '346-05-2020-CV-CSJHCO-PJ.pdf'),
	(122, 1, 1, 123, '2020-09-10 23:18:37', 'ASISTENTE', '347-05-2020-CV-CSJHCO-PJ', '347-05-2020-CV-CSJHCO-PJ.pdf'),
	(123, 1, 1, 124, '2020-09-10 23:18:38', 'ASISTENTE', '348-05-2020-CV-CSJHCO-PJ', '348-05-2020-CV-CSJHCO-PJ.pdf'),
	(124, 1, 1, 125, '2020-09-10 23:18:40', 'ASISTENTE', '349-05-2020-CV-CSJHCO-PJ', '349-05-2020-CV-CSJHCO-PJ.pdf'),
	(125, 1, 1, 126, '2020-09-10 23:18:42', 'ASISTENTE', '350-05-2020-CV-CSJHCO-PJ', '350-05-2020-CV-CSJHCO-PJ.pdf'),
	(126, 1, 1, 127, '2020-09-10 23:18:44', 'ASISTENTE', '351-05-2020-CV-CSJHCO-PJ', '351-05-2020-CV-CSJHCO-PJ.pdf'),
	(127, 1, 1, 128, '2020-09-10 23:18:46', 'ASISTENTE', '352-05-2020-CV-CSJHCO-PJ', '352-05-2020-CV-CSJHCO-PJ.pdf'),
	(128, 1, 1, 129, '2020-09-10 23:18:48', 'ASISTENTE', '353-05-2020-CV-CSJHCO-PJ', '353-05-2020-CV-CSJHCO-PJ.pdf'),
	(129, 1, 1, 130, '2020-09-10 23:18:50', 'ASISTENTE', '354-05-2020-CV-CSJHCO-PJ', '354-05-2020-CV-CSJHCO-PJ.pdf'),
	(130, 1, 1, 131, '2020-09-10 23:18:51', 'ASISTENTE', '355-05-2020-CV-CSJHCO-PJ', '355-05-2020-CV-CSJHCO-PJ.pdf'),
	(131, 1, 1, 132, '2020-09-10 23:18:53', 'ASISTENTE', '356-05-2020-CV-CSJHCO-PJ', '356-05-2020-CV-CSJHCO-PJ.pdf'),
	(132, 1, 1, 133, '2020-09-10 23:18:55', 'ASISTENTE', '357-05-2020-CV-CSJHCO-PJ', '357-05-2020-CV-CSJHCO-PJ.pdf'),
	(133, 1, 1, 134, '2020-09-10 23:18:57', 'ASISTENTE', '358-05-2020-CV-CSJHCO-PJ', '358-05-2020-CV-CSJHCO-PJ.pdf'),
	(134, 1, 1, 135, '2020-09-10 23:18:58', 'ASISTENTE', '359-05-2020-CV-CSJHCO-PJ', '359-05-2020-CV-CSJHCO-PJ.pdf'),
	(135, 1, 1, 136, '2020-09-10 23:19:00', 'ASISTENTE', '360-05-2020-CV-CSJHCO-PJ', '360-05-2020-CV-CSJHCO-PJ.pdf'),
	(136, 1, 1, 137, '2020-09-10 23:19:01', 'ASISTENTE', '361-05-2020-CV-CSJHCO-PJ', '361-05-2020-CV-CSJHCO-PJ.pdf'),
	(137, 1, 1, 138, '2020-09-10 23:19:03', 'ASISTENTE', '362-05-2020-CV-CSJHCO-PJ', '362-05-2020-CV-CSJHCO-PJ.pdf'),
	(138, 1, 1, 139, '2020-09-10 23:19:04', 'ASISTENTE', '363-05-2020-CV-CSJHCO-PJ', '363-05-2020-CV-CSJHCO-PJ.pdf'),
	(139, 1, 1, 140, '2020-09-10 23:19:07', 'ASISTENTE', '364-05-2020-CV-CSJHCO-PJ', '364-05-2020-CV-CSJHCO-PJ.pdf'),
	(140, 1, 1, 141, '2020-09-10 23:19:09', 'ASISTENTE', '365-05-2020-CV-CSJHCO-PJ', '365-05-2020-CV-CSJHCO-PJ.pdf'),
	(141, 1, 1, 142, '2020-09-10 23:19:11', 'ASISTENTE', '366-05-2020-CV-CSJHCO-PJ', '366-05-2020-CV-CSJHCO-PJ.pdf'),
	(142, 1, 1, 143, '2020-09-10 23:19:13', 'ASISTENTE', '367-05-2020-CV-CSJHCO-PJ', '367-05-2020-CV-CSJHCO-PJ.pdf'),
	(143, 1, 1, 144, '2020-09-10 23:19:15', 'ASISTENTE', '368-05-2020-CV-CSJHCO-PJ', '368-05-2020-CV-CSJHCO-PJ.pdf'),
	(144, 1, 1, 145, '2020-09-10 23:19:17', 'ASISTENTE', '369-05-2020-CV-CSJHCO-PJ', '369-05-2020-CV-CSJHCO-PJ.pdf'),
	(145, 1, 1, 146, '2020-09-10 23:19:19', 'ASISTENTE', '370-05-2020-CV-CSJHCO-PJ', '370-05-2020-CV-CSJHCO-PJ.pdf'),
	(146, 1, 1, 147, '2020-09-10 23:19:20', 'ASISTENTE', '371-05-2020-CV-CSJHCO-PJ', '371-05-2020-CV-CSJHCO-PJ.pdf'),
	(147, 1, 1, 148, '2020-09-10 23:19:22', 'ASISTENTE', '372-05-2020-CV-CSJHCO-PJ', '372-05-2020-CV-CSJHCO-PJ.pdf'),
	(148, 1, 1, 149, '2020-09-10 23:19:24', 'ASISTENTE', '373-05-2020-CV-CSJHCO-PJ', '373-05-2020-CV-CSJHCO-PJ.pdf'),
	(149, 1, 1, 150, '2020-09-10 23:19:26', 'ASISTENTE', '374-05-2020-CV-CSJHCO-PJ', '374-05-2020-CV-CSJHCO-PJ.pdf'),
	(150, 1, 1, 151, '2020-09-10 23:19:27', 'ASISTENTE', '375-05-2020-CV-CSJHCO-PJ', '375-05-2020-CV-CSJHCO-PJ.pdf'),
	(151, 1, 1, 152, '2020-09-10 23:19:29', 'ASISTENTE', '376-05-2020-CV-CSJHCO-PJ', '376-05-2020-CV-CSJHCO-PJ.pdf'),
	(152, 1, 1, 153, '2020-09-10 23:19:31', 'ASISTENTE', '377-05-2020-CV-CSJHCO-PJ', '377-05-2020-CV-CSJHCO-PJ.pdf'),
	(153, 1, 1, 154, '2020-09-10 23:19:33', 'ASISTENTE', '378-05-2020-CV-CSJHCO-PJ', '378-05-2020-CV-CSJHCO-PJ.pdf'),
	(154, 1, 1, 155, '2020-09-10 23:19:35', 'ASISTENTE', '379-05-2020-CV-CSJHCO-PJ', '379-05-2020-CV-CSJHCO-PJ.pdf'),
	(155, 1, 1, 156, '2020-09-10 23:19:37', 'ASISTENTE', '380-05-2020-CV-CSJHCO-PJ', '380-05-2020-CV-CSJHCO-PJ.pdf'),
	(156, 1, 1, 157, '2020-09-10 23:19:38', 'ASISTENTE', '381-05-2020-CV-CSJHCO-PJ', '381-05-2020-CV-CSJHCO-PJ.pdf'),
	(157, 1, 1, 158, '2020-09-10 23:19:40', 'ASISTENTE', '382-05-2020-CV-CSJHCO-PJ', '382-05-2020-CV-CSJHCO-PJ.pdf'),
	(158, 1, 1, 159, '2020-09-10 23:19:42', 'ASISTENTE', '383-05-2020-CV-CSJHCO-PJ', '383-05-2020-CV-CSJHCO-PJ.pdf'),
	(159, 1, 1, 160, '2020-09-10 23:19:43', 'ASISTENTE', '384-05-2020-CV-CSJHCO-PJ', '384-05-2020-CV-CSJHCO-PJ.pdf'),
	(160, 1, 1, 161, '2020-09-10 23:19:44', 'ASISTENTE', '385-05-2020-CV-CSJHCO-PJ', '385-05-2020-CV-CSJHCO-PJ.pdf'),
	(161, 1, 1, 162, '2020-09-10 23:19:45', 'ASISTENTE', '386-05-2020-CV-CSJHCO-PJ', '386-05-2020-CV-CSJHCO-PJ.pdf'),
	(162, 1, 1, 163, '2020-09-10 23:19:47', 'ASISTENTE', '387-05-2020-CV-CSJHCO-PJ', '387-05-2020-CV-CSJHCO-PJ.pdf'),
	(163, 1, 1, 164, '2020-09-10 23:19:48', 'ASISTENTE', '388-05-2020-CV-CSJHCO-PJ', '388-05-2020-CV-CSJHCO-PJ.pdf'),
	(164, 1, 1, 165, '2020-09-10 23:19:49', 'ASISTENTE', '389-05-2020-CV-CSJHCO-PJ', '389-05-2020-CV-CSJHCO-PJ.pdf'),
	(165, 1, 1, 166, '2020-09-10 23:19:50', 'ASISTENTE', '390-05-2020-CV-CSJHCO-PJ', '390-05-2020-CV-CSJHCO-PJ.pdf'),
	(166, 1, 1, 167, '2020-09-10 23:19:51', 'ASISTENTE', '391-05-2020-CV-CSJHCO-PJ', '391-05-2020-CV-CSJHCO-PJ.pdf'),
	(167, 1, 1, 168, '2020-09-10 23:19:53', 'ASISTENTE', '392-05-2020-CV-CSJHCO-PJ', '392-05-2020-CV-CSJHCO-PJ.pdf'),
	(168, 1, 1, 169, '2020-09-10 23:19:55', 'ASISTENTE', '393-05-2020-CV-CSJHCO-PJ', '393-05-2020-CV-CSJHCO-PJ.pdf'),
	(169, 1, 1, 170, '2020-09-10 23:19:56', 'ASISTENTE', '394-05-2020-CV-CSJHCO-PJ', '394-05-2020-CV-CSJHCO-PJ.pdf'),
	(170, 1, 1, 171, '2020-09-10 23:19:58', 'ASISTENTE', '395-05-2020-CV-CSJHCO-PJ', '395-05-2020-CV-CSJHCO-PJ.pdf'),
	(171, 1, 1, 172, '2020-09-10 23:20:00', 'ASISTENTE', '396-05-2020-CV-CSJHCO-PJ', '396-05-2020-CV-CSJHCO-PJ.pdf'),
	(172, 1, 1, 173, '2020-09-10 23:20:02', 'ASISTENTE', '397-05-2020-CV-CSJHCO-PJ', '397-05-2020-CV-CSJHCO-PJ.pdf'),
	(173, 1, 1, 174, '2020-09-10 23:20:04', 'ASISTENTE', '398-05-2020-CV-CSJHCO-PJ', '398-05-2020-CV-CSJHCO-PJ.pdf'),
	(174, 1, 1, 175, '2020-09-10 23:20:06', 'ASISTENTE', '399-05-2020-CV-CSJHCO-PJ', '399-05-2020-CV-CSJHCO-PJ.pdf'),
	(175, 1, 1, 176, '2020-09-10 23:20:08', 'ASISTENTE', '400-05-2020-CV-CSJHCO-PJ', '400-05-2020-CV-CSJHCO-PJ.pdf'),
	(176, 1, 1, 177, '2020-09-10 23:20:10', 'ASISTENTE', '401-05-2020-CV-CSJHCO-PJ', '401-05-2020-CV-CSJHCO-PJ.pdf'),
	(177, 1, 1, 178, '2020-09-10 23:20:12', 'ASISTENTE', '402-05-2020-CV-CSJHCO-PJ', '402-05-2020-CV-CSJHCO-PJ.pdf'),
	(178, 1, 1, 179, '2020-09-10 23:20:14', 'ASISTENTE', '403-05-2020-CV-CSJHCO-PJ', '403-05-2020-CV-CSJHCO-PJ.pdf'),
	(179, 1, 1, 180, '2020-09-10 23:20:15', 'ASISTENTE', '404-05-2020-CV-CSJHCO-PJ', '404-05-2020-CV-CSJHCO-PJ.pdf'),
	(180, 1, 1, 181, '2020-09-10 23:20:17', 'ASISTENTE', '405-05-2020-CV-CSJHCO-PJ', '405-05-2020-CV-CSJHCO-PJ.pdf'),
	(181, 1, 1, 182, '2020-09-10 23:20:19', 'ASISTENTE', '406-05-2020-CV-CSJHCO-PJ', '406-05-2020-CV-CSJHCO-PJ.pdf'),
	(182, 1, 1, 183, '2020-09-10 23:20:20', 'ASISTENTE', '407-05-2020-CV-CSJHCO-PJ', '407-05-2020-CV-CSJHCO-PJ.pdf'),
	(183, 1, 1, 184, '2020-09-10 23:20:22', 'ASISTENTE', '408-05-2020-CV-CSJHCO-PJ', '408-05-2020-CV-CSJHCO-PJ.pdf'),
	(184, 1, 1, 185, '2020-09-10 23:20:24', 'ASISTENTE', '409-05-2020-CV-CSJHCO-PJ', '409-05-2020-CV-CSJHCO-PJ.pdf'),
	(185, 1, 1, 186, '2020-09-10 23:20:25', 'ASISTENTE', '410-05-2020-CV-CSJHCO-PJ', '410-05-2020-CV-CSJHCO-PJ.pdf'),
	(186, 1, 1, 187, '2020-09-10 23:20:27', 'ASISTENTE', '411-05-2020-CV-CSJHCO-PJ', '411-05-2020-CV-CSJHCO-PJ.pdf'),
	(187, 1, 1, 188, '2020-09-10 23:20:29', 'ASISTENTE', '412-05-2020-CV-CSJHCO-PJ', '412-05-2020-CV-CSJHCO-PJ.pdf'),
	(188, 1, 1, 189, '2020-09-10 23:20:30', 'ASISTENTE', '413-05-2020-CV-CSJHCO-PJ', '413-05-2020-CV-CSJHCO-PJ.pdf'),
	(189, 1, 1, 190, '2020-09-10 23:20:32', 'ASISTENTE', '414-05-2020-CV-CSJHCO-PJ', '414-05-2020-CV-CSJHCO-PJ.pdf'),
	(190, 1, 1, 191, '2020-09-10 23:20:33', 'ASISTENTE', '415-05-2020-CV-CSJHCO-PJ', '415-05-2020-CV-CSJHCO-PJ.pdf'),
	(191, 1, 1, 192, '2020-09-10 23:20:35', 'ASISTENTE', '416-05-2020-CV-CSJHCO-PJ', '416-05-2020-CV-CSJHCO-PJ.pdf'),
	(192, 1, 1, 193, '2020-09-10 23:20:36', 'ASISTENTE', '417-05-2020-CV-CSJHCO-PJ', '417-05-2020-CV-CSJHCO-PJ.pdf'),
	(193, 1, 1, 194, '2020-09-10 23:20:37', 'ASISTENTE', '418-05-2020-CV-CSJHCO-PJ', '418-05-2020-CV-CSJHCO-PJ.pdf'),
	(194, 1, 1, 195, '2020-09-10 23:20:38', 'ASISTENTE', '419-05-2020-CV-CSJHCO-PJ', '419-05-2020-CV-CSJHCO-PJ.pdf'),
	(195, 1, 1, 196, '2020-09-10 23:20:39', 'ASISTENTE', '420-05-2020-CV-CSJHCO-PJ', '420-05-2020-CV-CSJHCO-PJ.pdf'),
	(196, 1, 1, 197, '2020-09-10 23:20:41', 'ASISTENTE', '421-05-2020-CV-CSJHCO-PJ', '421-05-2020-CV-CSJHCO-PJ.pdf'),
	(197, 1, 1, 198, '2020-09-10 23:20:42', 'ASISTENTE', '422-05-2020-CV-CSJHCO-PJ', '422-05-2020-CV-CSJHCO-PJ.pdf'),
	(198, 1, 1, 199, '2020-09-10 23:20:44', 'ASISTENTE', '423-05-2020-CV-CSJHCO-PJ', '423-05-2020-CV-CSJHCO-PJ.pdf'),
	(199, 1, 1, 200, '2020-09-10 23:20:46', 'ASISTENTE', '424-05-2020-CV-CSJHCO-PJ', '424-05-2020-CV-CSJHCO-PJ.pdf'),
	(200, 1, 1, 201, '2020-09-10 23:20:47', 'ASISTENTE', '425-05-2020-CV-CSJHCO-PJ', '425-05-2020-CV-CSJHCO-PJ.pdf'),
	(201, 1, 1, 202, '2020-09-10 23:20:49', 'ASISTENTE', '426-05-2020-CV-CSJHCO-PJ', '426-05-2020-CV-CSJHCO-PJ.pdf'),
	(202, 1, 1, 204, '2020-09-10 23:20:51', 'ASISTENTE', '427-05-2020-CV-CSJHCO-PJ', '427-05-2020-CV-CSJHCO-PJ.pdf'),
	(203, 1, 1, 205, '2020-09-10 23:20:53', 'ASISTENTE', '428-05-2020-CV-CSJHCO-PJ', '428-05-2020-CV-CSJHCO-PJ.pdf'),
	(204, 1, 1, 206, '2020-09-10 23:20:54', 'ASISTENTE', '429-05-2020-CV-CSJHCO-PJ', '429-05-2020-CV-CSJHCO-PJ.pdf'),
	(205, 1, 1, 207, '2020-09-10 23:20:56', 'ASISTENTE', '430-05-2020-CV-CSJHCO-PJ', '430-05-2020-CV-CSJHCO-PJ.pdf'),
	(206, 1, 1, 208, '2020-09-10 23:20:58', 'ASISTENTE', '431-05-2020-CV-CSJHCO-PJ', '431-05-2020-CV-CSJHCO-PJ.pdf'),
	(207, 1, 1, 209, '2020-09-10 23:21:00', 'ASISTENTE', '432-05-2020-CV-CSJHCO-PJ', '432-05-2020-CV-CSJHCO-PJ.pdf'),
	(208, 1, 1, 210, '2020-09-10 23:21:01', 'ASISTENTE', '433-05-2020-CV-CSJHCO-PJ', '433-05-2020-CV-CSJHCO-PJ.pdf'),
	(209, 1, 1, 211, '2020-09-10 23:21:03', 'ASISTENTE', '434-05-2020-CV-CSJHCO-PJ', '434-05-2020-CV-CSJHCO-PJ.pdf'),
	(210, 1, 1, 212, '2020-09-10 23:21:05', 'ASISTENTE', '435-05-2020-CV-CSJHCO-PJ', '435-05-2020-CV-CSJHCO-PJ.pdf'),
	(211, 1, 1, 213, '2020-09-10 23:21:07', 'ASISTENTE', '436-05-2020-CV-CSJHCO-PJ', '436-05-2020-CV-CSJHCO-PJ.pdf'),
	(212, 1, 1, 214, '2020-09-10 23:21:09', 'ASISTENTE', '437-05-2020-CV-CSJHCO-PJ', '437-05-2020-CV-CSJHCO-PJ.pdf'),
	(213, 1, 1, 215, '2020-09-10 23:21:11', 'ASISTENTE', '438-05-2020-CV-CSJHCO-PJ', '438-05-2020-CV-CSJHCO-PJ.pdf'),
	(214, 1, 1, 216, '2020-09-10 23:21:12', 'ASISTENTE', '439-05-2020-CV-CSJHCO-PJ', '439-05-2020-CV-CSJHCO-PJ.pdf'),
	(215, 1, 1, 217, '2020-09-10 23:21:14', 'ASISTENTE', '440-05-2020-CV-CSJHCO-PJ', '440-05-2020-CV-CSJHCO-PJ.pdf'),
	(216, 1, 1, 1, '2020-09-10 23:23:24', 'ASISTENTE', '226-05-2020-CV-CSJHCO-PJ', '226-05-2020-CV-CSJHCO-PJ.pdf'),
	(217, 1, 1, 2, '2020-09-10 23:23:25', 'ASISTENTE', '227-05-2020-CV-CSJHCO-PJ', '227-05-2020-CV-CSJHCO-PJ.pdf'),
	(218, 1, 1, 3, '2020-09-10 23:23:26', 'ASISTENTE', '228-05-2020-CV-CSJHCO-PJ', '228-05-2020-CV-CSJHCO-PJ.pdf'),
	(219, 1, 1, 4, '2020-09-10 23:23:27', 'ASISTENTE', '229-05-2020-CV-CSJHCO-PJ', '229-05-2020-CV-CSJHCO-PJ.pdf'),
	(220, 1, 1, 5, '2020-09-10 23:23:28', 'ASISTENTE', '230-05-2020-CV-CSJHCO-PJ', '230-05-2020-CV-CSJHCO-PJ.pdf'),
	(221, 1, 1, 7, '2020-09-10 23:23:30', 'ASISTENTE', '231-05-2020-CV-CSJHCO-PJ', '231-05-2020-CV-CSJHCO-PJ.pdf'),
	(222, 1, 1, 8, '2020-09-10 23:23:31', 'ASISTENTE', '232-05-2020-CV-CSJHCO-PJ', '232-05-2020-CV-CSJHCO-PJ.pdf'),
	(223, 1, 1, 9, '2020-09-10 23:23:32', 'ASISTENTE', '233-05-2020-CV-CSJHCO-PJ', '233-05-2020-CV-CSJHCO-PJ.pdf'),
	(224, 1, 1, 10, '2020-09-10 23:23:33', 'ASISTENTE', '234-05-2020-CV-CSJHCO-PJ', '234-05-2020-CV-CSJHCO-PJ.pdf'),
	(225, 1, 1, 11, '2020-09-10 23:23:34', 'ASISTENTE', '235-05-2020-CV-CSJHCO-PJ', '235-05-2020-CV-CSJHCO-PJ.pdf'),
	(226, 1, 1, 12, '2020-09-10 23:23:35', 'ASISTENTE', '236-05-2020-CV-CSJHCO-PJ', '236-05-2020-CV-CSJHCO-PJ.pdf'),
	(227, 1, 1, 13, '2020-09-10 23:23:36', 'ASISTENTE', '237-05-2020-CV-CSJHCO-PJ', '237-05-2020-CV-CSJHCO-PJ.pdf'),
	(228, 1, 1, 14, '2020-09-10 23:23:37', 'ASISTENTE', '238-05-2020-CV-CSJHCO-PJ', '238-05-2020-CV-CSJHCO-PJ.pdf'),
	(229, 1, 1, 15, '2020-09-10 23:23:38', 'ASISTENTE', '239-05-2020-CV-CSJHCO-PJ', '239-05-2020-CV-CSJHCO-PJ.pdf'),
	(230, 1, 1, 16, '2020-09-10 23:23:39', 'ASISTENTE', '240-05-2020-CV-CSJHCO-PJ', '240-05-2020-CV-CSJHCO-PJ.pdf'),
	(231, 1, 1, 17, '2020-09-10 23:23:40', 'ASISTENTE', '241-05-2020-CV-CSJHCO-PJ', '241-05-2020-CV-CSJHCO-PJ.pdf'),
	(232, 1, 1, 18, '2020-09-10 23:23:41', 'ASISTENTE', '242-05-2020-CV-CSJHCO-PJ', '242-05-2020-CV-CSJHCO-PJ.pdf'),
	(233, 1, 1, 19, '2020-09-10 23:23:42', 'ASISTENTE', '243-05-2020-CV-CSJHCO-PJ', '243-05-2020-CV-CSJHCO-PJ.pdf'),
	(234, 1, 1, 20, '2020-09-10 23:23:44', 'ASISTENTE', '244-05-2020-CV-CSJHCO-PJ', '244-05-2020-CV-CSJHCO-PJ.pdf'),
	(235, 1, 1, 21, '2020-09-10 23:23:45', 'ASISTENTE', '245-05-2020-CV-CSJHCO-PJ', '245-05-2020-CV-CSJHCO-PJ.pdf'),
	(236, 1, 1, 22, '2020-09-10 23:23:46', 'ASISTENTE', '246-05-2020-CV-CSJHCO-PJ', '246-05-2020-CV-CSJHCO-PJ.pdf'),
	(237, 1, 1, 23, '2020-09-10 23:23:47', 'ASISTENTE', '247-05-2020-CV-CSJHCO-PJ', '247-05-2020-CV-CSJHCO-PJ.pdf'),
	(238, 1, 1, 24, '2020-09-10 23:23:48', 'ASISTENTE', '248-05-2020-CV-CSJHCO-PJ', '248-05-2020-CV-CSJHCO-PJ.pdf'),
	(239, 1, 1, 25, '2020-09-10 23:23:49', 'ASISTENTE', '249-05-2020-CV-CSJHCO-PJ', '249-05-2020-CV-CSJHCO-PJ.pdf'),
	(240, 1, 1, 26, '2020-09-10 23:23:50', 'ASISTENTE', '250-05-2020-CV-CSJHCO-PJ', '250-05-2020-CV-CSJHCO-PJ.pdf'),
	(241, 1, 1, 27, '2020-09-10 23:23:51', 'ASISTENTE', '251-05-2020-CV-CSJHCO-PJ', '251-05-2020-CV-CSJHCO-PJ.pdf'),
	(242, 1, 1, 28, '2020-09-10 23:23:52', 'ASISTENTE', '252-05-2020-CV-CSJHCO-PJ', '252-05-2020-CV-CSJHCO-PJ.pdf'),
	(243, 1, 1, 29, '2020-09-10 23:23:54', 'ASISTENTE', '253-05-2020-CV-CSJHCO-PJ', '253-05-2020-CV-CSJHCO-PJ.pdf'),
	(244, 1, 1, 30, '2020-09-10 23:23:55', 'ASISTENTE', '254-05-2020-CV-CSJHCO-PJ', '254-05-2020-CV-CSJHCO-PJ.pdf'),
	(245, 1, 1, 31, '2020-09-10 23:23:56', 'ASISTENTE', '255-05-2020-CV-CSJHCO-PJ', '255-05-2020-CV-CSJHCO-PJ.pdf'),
	(246, 1, 1, 32, '2020-09-10 23:23:58', 'ASISTENTE', '256-05-2020-CV-CSJHCO-PJ', '256-05-2020-CV-CSJHCO-PJ.pdf'),
	(247, 1, 1, 33, '2020-09-10 23:23:59', 'ASISTENTE', '257-05-2020-CV-CSJHCO-PJ', '257-05-2020-CV-CSJHCO-PJ.pdf'),
	(248, 1, 1, 34, '2020-09-10 23:24:00', 'ASISTENTE', '258-05-2020-CV-CSJHCO-PJ', '258-05-2020-CV-CSJHCO-PJ.pdf'),
	(249, 1, 1, 35, '2020-09-10 23:24:02', 'ASISTENTE', '259-05-2020-CV-CSJHCO-PJ', '259-05-2020-CV-CSJHCO-PJ.pdf'),
	(250, 1, 1, 36, '2020-09-10 23:24:04', 'ASISTENTE', '260-05-2020-CV-CSJHCO-PJ', '260-05-2020-CV-CSJHCO-PJ.pdf'),
	(251, 1, 1, 37, '2020-09-10 23:24:06', 'ASISTENTE', '261-05-2020-CV-CSJHCO-PJ', '261-05-2020-CV-CSJHCO-PJ.pdf'),
	(252, 1, 1, 38, '2020-09-10 23:24:08', 'ASISTENTE', '262-05-2020-CV-CSJHCO-PJ', '262-05-2020-CV-CSJHCO-PJ.pdf'),
	(253, 1, 1, 39, '2020-09-10 23:24:10', 'ASISTENTE', '263-05-2020-CV-CSJHCO-PJ', '263-05-2020-CV-CSJHCO-PJ.pdf'),
	(254, 1, 1, 40, '2020-09-10 23:24:12', 'ASISTENTE', '264-05-2020-CV-CSJHCO-PJ', '264-05-2020-CV-CSJHCO-PJ.pdf'),
	(255, 1, 1, 41, '2020-09-10 23:24:13', 'ASISTENTE', '265-05-2020-CV-CSJHCO-PJ', '265-05-2020-CV-CSJHCO-PJ.pdf'),
	(256, 1, 1, 42, '2020-09-10 23:24:14', 'ASISTENTE', '266-05-2020-CV-CSJHCO-PJ', '266-05-2020-CV-CSJHCO-PJ.pdf'),
	(257, 1, 1, 43, '2020-09-10 23:24:15', 'ASISTENTE', '267-05-2020-CV-CSJHCO-PJ', '267-05-2020-CV-CSJHCO-PJ.pdf'),
	(258, 1, 1, 44, '2020-09-10 23:24:16', 'ASISTENTE', '268-05-2020-CV-CSJHCO-PJ', '268-05-2020-CV-CSJHCO-PJ.pdf'),
	(259, 1, 1, 45, '2020-09-10 23:24:17', 'ASISTENTE', '269-05-2020-CV-CSJHCO-PJ', '269-05-2020-CV-CSJHCO-PJ.pdf'),
	(260, 1, 1, 46, '2020-09-10 23:24:19', 'ASISTENTE', '270-05-2020-CV-CSJHCO-PJ', '270-05-2020-CV-CSJHCO-PJ.pdf'),
	(261, 1, 1, 47, '2020-09-10 23:24:20', 'ASISTENTE', '271-05-2020-CV-CSJHCO-PJ', '271-05-2020-CV-CSJHCO-PJ.pdf'),
	(262, 1, 1, 48, '2020-09-10 23:24:21', 'ASISTENTE', '272-05-2020-CV-CSJHCO-PJ', '272-05-2020-CV-CSJHCO-PJ.pdf'),
	(263, 1, 1, 49, '2020-09-10 23:24:22', 'ASISTENTE', '273-05-2020-CV-CSJHCO-PJ', '273-05-2020-CV-CSJHCO-PJ.pdf'),
	(264, 1, 1, 50, '2020-09-10 23:24:23', 'ASISTENTE', '274-05-2020-CV-CSJHCO-PJ', '274-05-2020-CV-CSJHCO-PJ.pdf'),
	(265, 1, 1, 51, '2020-09-10 23:24:24', 'ASISTENTE', '275-05-2020-CV-CSJHCO-PJ', '275-05-2020-CV-CSJHCO-PJ.pdf'),
	(266, 1, 1, 52, '2020-09-10 23:24:25', 'ASISTENTE', '276-05-2020-CV-CSJHCO-PJ', '276-05-2020-CV-CSJHCO-PJ.pdf'),
	(267, 1, 1, 53, '2020-09-10 23:24:26', 'ASISTENTE', '277-05-2020-CV-CSJHCO-PJ', '277-05-2020-CV-CSJHCO-PJ.pdf'),
	(268, 1, 1, 54, '2020-09-10 23:24:27', 'ASISTENTE', '278-05-2020-CV-CSJHCO-PJ', '278-05-2020-CV-CSJHCO-PJ.pdf'),
	(269, 1, 1, 55, '2020-09-10 23:24:28', 'ASISTENTE', '279-05-2020-CV-CSJHCO-PJ', '279-05-2020-CV-CSJHCO-PJ.pdf'),
	(270, 1, 1, 56, '2020-09-10 23:24:30', 'ASISTENTE', '280-05-2020-CV-CSJHCO-PJ', '280-05-2020-CV-CSJHCO-PJ.pdf'),
	(271, 1, 1, 57, '2020-09-10 23:24:31', 'ASISTENTE', '281-05-2020-CV-CSJHCO-PJ', '281-05-2020-CV-CSJHCO-PJ.pdf'),
	(272, 1, 1, 58, '2020-09-10 23:24:32', 'ASISTENTE', '282-05-2020-CV-CSJHCO-PJ', '282-05-2020-CV-CSJHCO-PJ.pdf'),
	(273, 1, 1, 59, '2020-09-10 23:24:33', 'ASISTENTE', '283-05-2020-CV-CSJHCO-PJ', '283-05-2020-CV-CSJHCO-PJ.pdf'),
	(274, 1, 1, 60, '2020-09-10 23:24:34', 'ASISTENTE', '284-05-2020-CV-CSJHCO-PJ', '284-05-2020-CV-CSJHCO-PJ.pdf'),
	(275, 1, 1, 61, '2020-09-10 23:24:35', 'ASISTENTE', '285-05-2020-CV-CSJHCO-PJ', '285-05-2020-CV-CSJHCO-PJ.pdf'),
	(276, 1, 1, 62, '2020-09-10 23:24:36', 'ASISTENTE', '286-05-2020-CV-CSJHCO-PJ', '286-05-2020-CV-CSJHCO-PJ.pdf'),
	(277, 1, 1, 63, '2020-09-10 23:24:38', 'ASISTENTE', '287-05-2020-CV-CSJHCO-PJ', '287-05-2020-CV-CSJHCO-PJ.pdf'),
	(278, 1, 1, 64, '2020-09-10 23:24:39', 'ASISTENTE', '288-05-2020-CV-CSJHCO-PJ', '288-05-2020-CV-CSJHCO-PJ.pdf'),
	(279, 1, 1, 65, '2020-09-10 23:24:40', 'ASISTENTE', '289-05-2020-CV-CSJHCO-PJ', '289-05-2020-CV-CSJHCO-PJ.pdf'),
	(280, 1, 1, 66, '2020-09-10 23:24:42', 'ASISTENTE', '290-05-2020-CV-CSJHCO-PJ', '290-05-2020-CV-CSJHCO-PJ.pdf'),
	(281, 1, 1, 67, '2020-09-10 23:24:43', 'ASISTENTE', '291-05-2020-CV-CSJHCO-PJ', '291-05-2020-CV-CSJHCO-PJ.pdf'),
	(282, 1, 1, 68, '2020-09-10 23:24:44', 'ASISTENTE', '292-05-2020-CV-CSJHCO-PJ', '292-05-2020-CV-CSJHCO-PJ.pdf'),
	(283, 1, 1, 69, '2020-09-10 23:24:45', 'ASISTENTE', '293-05-2020-CV-CSJHCO-PJ', '293-05-2020-CV-CSJHCO-PJ.pdf'),
	(284, 1, 1, 70, '2020-09-10 23:24:46', 'ASISTENTE', '294-05-2020-CV-CSJHCO-PJ', '294-05-2020-CV-CSJHCO-PJ.pdf'),
	(285, 1, 1, 71, '2020-09-10 23:24:47', 'ASISTENTE', '295-05-2020-CV-CSJHCO-PJ', '295-05-2020-CV-CSJHCO-PJ.pdf'),
	(286, 1, 1, 72, '2020-09-10 23:24:48', 'ASISTENTE', '296-05-2020-CV-CSJHCO-PJ', '296-05-2020-CV-CSJHCO-PJ.pdf'),
	(287, 1, 1, 73, '2020-09-10 23:24:49', 'ASISTENTE', '297-05-2020-CV-CSJHCO-PJ', '297-05-2020-CV-CSJHCO-PJ.pdf'),
	(288, 1, 1, 74, '2020-09-10 23:24:50', 'ASISTENTE', '298-05-2020-CV-CSJHCO-PJ', '298-05-2020-CV-CSJHCO-PJ.pdf'),
	(289, 1, 1, 75, '2020-09-10 23:24:52', 'ASISTENTE', '299-05-2020-CV-CSJHCO-PJ', '299-05-2020-CV-CSJHCO-PJ.pdf'),
	(290, 1, 1, 76, '2020-09-10 23:24:53', 'ASISTENTE', '300-05-2020-CV-CSJHCO-PJ', '300-05-2020-CV-CSJHCO-PJ.pdf'),
	(291, 1, 1, 77, '2020-09-10 23:24:54', 'ASISTENTE', '301-05-2020-CV-CSJHCO-PJ', '301-05-2020-CV-CSJHCO-PJ.pdf'),
	(292, 1, 1, 78, '2020-09-10 23:24:55', 'ASISTENTE', '302-05-2020-CV-CSJHCO-PJ', '302-05-2020-CV-CSJHCO-PJ.pdf'),
	(293, 1, 1, 79, '2020-09-10 23:24:56', 'ASISTENTE', '303-05-2020-CV-CSJHCO-PJ', '303-05-2020-CV-CSJHCO-PJ.pdf'),
	(294, 1, 1, 80, '2020-09-10 23:24:57', 'ASISTENTE', '304-05-2020-CV-CSJHCO-PJ', '304-05-2020-CV-CSJHCO-PJ.pdf'),
	(295, 1, 1, 81, '2020-09-10 23:24:58', 'ASISTENTE', '305-05-2020-CV-CSJHCO-PJ', '305-05-2020-CV-CSJHCO-PJ.pdf'),
	(296, 1, 1, 82, '2020-09-10 23:24:59', 'ASISTENTE', '306-05-2020-CV-CSJHCO-PJ', '306-05-2020-CV-CSJHCO-PJ.pdf'),
	(297, 1, 1, 83, '2020-09-10 23:25:01', 'ASISTENTE', '307-05-2020-CV-CSJHCO-PJ', '307-05-2020-CV-CSJHCO-PJ.pdf'),
	(298, 1, 1, 84, '2020-09-10 23:25:02', 'ASISTENTE', '308-05-2020-CV-CSJHCO-PJ', '308-05-2020-CV-CSJHCO-PJ.pdf'),
	(299, 1, 1, 85, '2020-09-10 23:25:04', 'ASISTENTE', '309-05-2020-CV-CSJHCO-PJ', '309-05-2020-CV-CSJHCO-PJ.pdf'),
	(300, 1, 1, 86, '2020-09-10 23:25:07', 'ASISTENTE', '310-05-2020-CV-CSJHCO-PJ', '310-05-2020-CV-CSJHCO-PJ.pdf'),
	(301, 1, 1, 87, '2020-09-10 23:25:09', 'ASISTENTE', '311-05-2020-CV-CSJHCO-PJ', '311-05-2020-CV-CSJHCO-PJ.pdf'),
	(302, 1, 1, 88, '2020-09-10 23:25:11', 'ASISTENTE', '312-05-2020-CV-CSJHCO-PJ', '312-05-2020-CV-CSJHCO-PJ.pdf'),
	(303, 1, 1, 89, '2020-09-10 23:25:12', 'ASISTENTE', '313-05-2020-CV-CSJHCO-PJ', '313-05-2020-CV-CSJHCO-PJ.pdf'),
	(304, 1, 1, 90, '2020-09-10 23:25:14', 'ASISTENTE', '314-05-2020-CV-CSJHCO-PJ', '314-05-2020-CV-CSJHCO-PJ.pdf'),
	(305, 1, 1, 91, '2020-09-10 23:25:15', 'ASISTENTE', '315-05-2020-CV-CSJHCO-PJ', '315-05-2020-CV-CSJHCO-PJ.pdf'),
	(306, 1, 1, 92, '2020-09-10 23:25:17', 'ASISTENTE', '316-05-2020-CV-CSJHCO-PJ', '316-05-2020-CV-CSJHCO-PJ.pdf'),
	(307, 1, 1, 93, '2020-09-10 23:25:18', 'ASISTENTE', '317-05-2020-CV-CSJHCO-PJ', '317-05-2020-CV-CSJHCO-PJ.pdf'),
	(308, 1, 1, 94, '2020-09-10 23:25:20', 'ASISTENTE', '318-05-2020-CV-CSJHCO-PJ', '318-05-2020-CV-CSJHCO-PJ.pdf'),
	(309, 1, 1, 95, '2020-09-10 23:25:22', 'ASISTENTE', '319-05-2020-CV-CSJHCO-PJ', '319-05-2020-CV-CSJHCO-PJ.pdf'),
	(310, 1, 1, 96, '2020-09-10 23:25:23', 'ASISTENTE', '320-05-2020-CV-CSJHCO-PJ', '320-05-2020-CV-CSJHCO-PJ.pdf'),
	(311, 1, 1, 97, '2020-09-10 23:25:25', 'ASISTENTE', '321-05-2020-CV-CSJHCO-PJ', '321-05-2020-CV-CSJHCO-PJ.pdf'),
	(312, 1, 1, 98, '2020-09-10 23:25:26', 'ASISTENTE', '322-05-2020-CV-CSJHCO-PJ', '322-05-2020-CV-CSJHCO-PJ.pdf'),
	(313, 1, 1, 99, '2020-09-10 23:25:27', 'ASISTENTE', '323-05-2020-CV-CSJHCO-PJ', '323-05-2020-CV-CSJHCO-PJ.pdf'),
	(314, 1, 1, 100, '2020-09-10 23:25:28', 'ASISTENTE', '324-05-2020-CV-CSJHCO-PJ', '324-05-2020-CV-CSJHCO-PJ.pdf'),
	(315, 1, 1, 101, '2020-09-10 23:25:29', 'ASISTENTE', '325-05-2020-CV-CSJHCO-PJ', '325-05-2020-CV-CSJHCO-PJ.pdf'),
	(316, 1, 1, 102, '2020-09-10 23:25:31', 'ASISTENTE', '326-05-2020-CV-CSJHCO-PJ', '326-05-2020-CV-CSJHCO-PJ.pdf'),
	(317, 1, 1, 103, '2020-09-10 23:25:32', 'ASISTENTE', '327-05-2020-CV-CSJHCO-PJ', '327-05-2020-CV-CSJHCO-PJ.pdf'),
	(318, 1, 1, 104, '2020-09-10 23:25:33', 'ASISTENTE', '328-05-2020-CV-CSJHCO-PJ', '328-05-2020-CV-CSJHCO-PJ.pdf'),
	(319, 1, 1, 105, '2020-09-10 23:25:34', 'ASISTENTE', '329-05-2020-CV-CSJHCO-PJ', '329-05-2020-CV-CSJHCO-PJ.pdf'),
	(320, 1, 1, 106, '2020-09-10 23:25:35', 'ASISTENTE', '330-05-2020-CV-CSJHCO-PJ', '330-05-2020-CV-CSJHCO-PJ.pdf'),
	(321, 1, 1, 107, '2020-09-10 23:25:36', 'ASISTENTE', '331-05-2020-CV-CSJHCO-PJ', '331-05-2020-CV-CSJHCO-PJ.pdf'),
	(322, 1, 1, 108, '2020-09-10 23:25:38', 'ASISTENTE', '332-05-2020-CV-CSJHCO-PJ', '332-05-2020-CV-CSJHCO-PJ.pdf'),
	(323, 1, 1, 109, '2020-09-10 23:25:39', 'ASISTENTE', '333-05-2020-CV-CSJHCO-PJ', '333-05-2020-CV-CSJHCO-PJ.pdf'),
	(324, 1, 1, 110, '2020-09-10 23:25:40', 'ASISTENTE', '334-05-2020-CV-CSJHCO-PJ', '334-05-2020-CV-CSJHCO-PJ.pdf'),
	(325, 1, 1, 111, '2020-09-10 23:25:41', 'ASISTENTE', '335-05-2020-CV-CSJHCO-PJ', '335-05-2020-CV-CSJHCO-PJ.pdf'),
	(326, 1, 1, 112, '2020-09-10 23:25:42', 'ASISTENTE', '336-05-2020-CV-CSJHCO-PJ', '336-05-2020-CV-CSJHCO-PJ.pdf'),
	(327, 1, 1, 113, '2020-09-10 23:25:43', 'ASISTENTE', '337-05-2020-CV-CSJHCO-PJ', '337-05-2020-CV-CSJHCO-PJ.pdf'),
	(328, 1, 1, 114, '2020-09-10 23:25:45', 'ASISTENTE', '338-05-2020-CV-CSJHCO-PJ', '338-05-2020-CV-CSJHCO-PJ.pdf'),
	(329, 1, 1, 115, '2020-09-10 23:25:46', 'ASISTENTE', '339-05-2020-CV-CSJHCO-PJ', '339-05-2020-CV-CSJHCO-PJ.pdf'),
	(330, 1, 1, 116, '2020-09-10 23:25:47', 'ASISTENTE', '340-05-2020-CV-CSJHCO-PJ', '340-05-2020-CV-CSJHCO-PJ.pdf'),
	(331, 1, 1, 117, '2020-09-10 23:25:48', 'ASISTENTE', '341-05-2020-CV-CSJHCO-PJ', '341-05-2020-CV-CSJHCO-PJ.pdf'),
	(332, 1, 1, 118, '2020-09-10 23:25:49', 'ASISTENTE', '342-05-2020-CV-CSJHCO-PJ', '342-05-2020-CV-CSJHCO-PJ.pdf'),
	(333, 1, 1, 119, '2020-09-10 23:25:50', 'ASISTENTE', '343-05-2020-CV-CSJHCO-PJ', '343-05-2020-CV-CSJHCO-PJ.pdf'),
	(334, 1, 1, 120, '2020-09-10 23:25:52', 'ASISTENTE', '344-05-2020-CV-CSJHCO-PJ', '344-05-2020-CV-CSJHCO-PJ.pdf'),
	(335, 1, 1, 121, '2020-09-10 23:25:53', 'ASISTENTE', '345-05-2020-CV-CSJHCO-PJ', '345-05-2020-CV-CSJHCO-PJ.pdf'),
	(336, 1, 1, 122, '2020-09-10 23:25:54', 'ASISTENTE', '346-05-2020-CV-CSJHCO-PJ', '346-05-2020-CV-CSJHCO-PJ.pdf'),
	(337, 1, 1, 123, '2020-09-10 23:25:55', 'ASISTENTE', '347-05-2020-CV-CSJHCO-PJ', '347-05-2020-CV-CSJHCO-PJ.pdf'),
	(338, 1, 1, 124, '2020-09-10 23:25:56', 'ASISTENTE', '348-05-2020-CV-CSJHCO-PJ', '348-05-2020-CV-CSJHCO-PJ.pdf'),
	(339, 1, 1, 125, '2020-09-10 23:25:58', 'ASISTENTE', '349-05-2020-CV-CSJHCO-PJ', '349-05-2020-CV-CSJHCO-PJ.pdf'),
	(340, 1, 1, 126, '2020-09-10 23:25:59', 'ASISTENTE', '350-05-2020-CV-CSJHCO-PJ', '350-05-2020-CV-CSJHCO-PJ.pdf'),
	(341, 1, 1, 127, '2020-09-10 23:26:00', 'ASISTENTE', '351-05-2020-CV-CSJHCO-PJ', '351-05-2020-CV-CSJHCO-PJ.pdf'),
	(342, 1, 1, 128, '2020-09-10 23:26:01', 'ASISTENTE', '352-05-2020-CV-CSJHCO-PJ', '352-05-2020-CV-CSJHCO-PJ.pdf'),
	(343, 1, 1, 129, '2020-09-10 23:26:03', 'ASISTENTE', '353-05-2020-CV-CSJHCO-PJ', '353-05-2020-CV-CSJHCO-PJ.pdf'),
	(344, 1, 1, 130, '2020-09-10 23:26:04', 'ASISTENTE', '354-05-2020-CV-CSJHCO-PJ', '354-05-2020-CV-CSJHCO-PJ.pdf'),
	(345, 1, 1, 131, '2020-09-10 23:26:05', 'ASISTENTE', '355-05-2020-CV-CSJHCO-PJ', '355-05-2020-CV-CSJHCO-PJ.pdf'),
	(346, 1, 1, 132, '2020-09-10 23:26:07', 'ASISTENTE', '356-05-2020-CV-CSJHCO-PJ', '356-05-2020-CV-CSJHCO-PJ.pdf'),
	(347, 1, 1, 133, '2020-09-10 23:26:08', 'ASISTENTE', '357-05-2020-CV-CSJHCO-PJ', '357-05-2020-CV-CSJHCO-PJ.pdf'),
	(348, 1, 1, 134, '2020-09-10 23:26:09', 'ASISTENTE', '358-05-2020-CV-CSJHCO-PJ', '358-05-2020-CV-CSJHCO-PJ.pdf'),
	(349, 1, 1, 135, '2020-09-10 23:26:10', 'ASISTENTE', '359-05-2020-CV-CSJHCO-PJ', '359-05-2020-CV-CSJHCO-PJ.pdf'),
	(350, 1, 1, 136, '2020-09-10 23:26:11', 'ASISTENTE', '360-05-2020-CV-CSJHCO-PJ', '360-05-2020-CV-CSJHCO-PJ.pdf'),
	(351, 1, 1, 137, '2020-09-10 23:26:12', 'ASISTENTE', '361-05-2020-CV-CSJHCO-PJ', '361-05-2020-CV-CSJHCO-PJ.pdf'),
	(352, 1, 1, 138, '2020-09-10 23:26:14', 'ASISTENTE', '362-05-2020-CV-CSJHCO-PJ', '362-05-2020-CV-CSJHCO-PJ.pdf'),
	(353, 1, 1, 139, '2020-09-10 23:26:15', 'ASISTENTE', '363-05-2020-CV-CSJHCO-PJ', '363-05-2020-CV-CSJHCO-PJ.pdf'),
	(354, 1, 1, 140, '2020-09-10 23:26:17', 'ASISTENTE', '364-05-2020-CV-CSJHCO-PJ', '364-05-2020-CV-CSJHCO-PJ.pdf'),
	(355, 1, 1, 141, '2020-09-10 23:26:18', 'ASISTENTE', '365-05-2020-CV-CSJHCO-PJ', '365-05-2020-CV-CSJHCO-PJ.pdf'),
	(356, 1, 1, 142, '2020-09-10 23:26:19', 'ASISTENTE', '366-05-2020-CV-CSJHCO-PJ', '366-05-2020-CV-CSJHCO-PJ.pdf'),
	(357, 1, 1, 143, '2020-09-10 23:26:21', 'ASISTENTE', '367-05-2020-CV-CSJHCO-PJ', '367-05-2020-CV-CSJHCO-PJ.pdf'),
	(358, 1, 1, 144, '2020-09-10 23:26:22', 'ASISTENTE', '368-05-2020-CV-CSJHCO-PJ', '368-05-2020-CV-CSJHCO-PJ.pdf'),
	(359, 1, 1, 145, '2020-09-10 23:26:24', 'ASISTENTE', '369-05-2020-CV-CSJHCO-PJ', '369-05-2020-CV-CSJHCO-PJ.pdf'),
	(360, 1, 1, 146, '2020-09-10 23:26:25', 'ASISTENTE', '370-05-2020-CV-CSJHCO-PJ', '370-05-2020-CV-CSJHCO-PJ.pdf'),
	(361, 1, 1, 147, '2020-09-10 23:26:26', 'ASISTENTE', '371-05-2020-CV-CSJHCO-PJ', '371-05-2020-CV-CSJHCO-PJ.pdf'),
	(362, 1, 1, 148, '2020-09-10 23:26:28', 'ASISTENTE', '372-05-2020-CV-CSJHCO-PJ', '372-05-2020-CV-CSJHCO-PJ.pdf'),
	(363, 1, 1, 149, '2020-09-10 23:26:29', 'ASISTENTE', '373-05-2020-CV-CSJHCO-PJ', '373-05-2020-CV-CSJHCO-PJ.pdf'),
	(364, 1, 1, 150, '2020-09-10 23:26:30', 'ASISTENTE', '374-05-2020-CV-CSJHCO-PJ', '374-05-2020-CV-CSJHCO-PJ.pdf'),
	(365, 1, 1, 151, '2020-09-10 23:26:31', 'ASISTENTE', '375-05-2020-CV-CSJHCO-PJ', '375-05-2020-CV-CSJHCO-PJ.pdf'),
	(366, 1, 1, 152, '2020-09-10 23:26:32', 'ASISTENTE', '376-05-2020-CV-CSJHCO-PJ', '376-05-2020-CV-CSJHCO-PJ.pdf'),
	(367, 1, 1, 153, '2020-09-10 23:26:33', 'ASISTENTE', '377-05-2020-CV-CSJHCO-PJ', '377-05-2020-CV-CSJHCO-PJ.pdf'),
	(368, 1, 1, 154, '2020-09-10 23:26:34', 'ASISTENTE', '378-05-2020-CV-CSJHCO-PJ', '378-05-2020-CV-CSJHCO-PJ.pdf'),
	(369, 1, 1, 155, '2020-09-10 23:26:36', 'ASISTENTE', '379-05-2020-CV-CSJHCO-PJ', '379-05-2020-CV-CSJHCO-PJ.pdf'),
	(370, 1, 1, 156, '2020-09-10 23:26:37', 'ASISTENTE', '380-05-2020-CV-CSJHCO-PJ', '380-05-2020-CV-CSJHCO-PJ.pdf'),
	(371, 1, 1, 157, '2020-09-10 23:26:38', 'ASISTENTE', '381-05-2020-CV-CSJHCO-PJ', '381-05-2020-CV-CSJHCO-PJ.pdf'),
	(372, 1, 1, 158, '2020-09-10 23:26:39', 'ASISTENTE', '382-05-2020-CV-CSJHCO-PJ', '382-05-2020-CV-CSJHCO-PJ.pdf'),
	(373, 1, 1, 159, '2020-09-10 23:26:40', 'ASISTENTE', '383-05-2020-CV-CSJHCO-PJ', '383-05-2020-CV-CSJHCO-PJ.pdf'),
	(374, 1, 1, 160, '2020-09-10 23:26:41', 'ASISTENTE', '384-05-2020-CV-CSJHCO-PJ', '384-05-2020-CV-CSJHCO-PJ.pdf'),
	(375, 1, 1, 161, '2020-09-10 23:26:42', 'ASISTENTE', '385-05-2020-CV-CSJHCO-PJ', '385-05-2020-CV-CSJHCO-PJ.pdf'),
	(376, 1, 1, 162, '2020-09-10 23:26:43', 'ASISTENTE', '386-05-2020-CV-CSJHCO-PJ', '386-05-2020-CV-CSJHCO-PJ.pdf'),
	(377, 1, 1, 163, '2020-09-10 23:26:45', 'ASISTENTE', '387-05-2020-CV-CSJHCO-PJ', '387-05-2020-CV-CSJHCO-PJ.pdf'),
	(378, 1, 1, 164, '2020-09-10 23:26:46', 'ASISTENTE', '388-05-2020-CV-CSJHCO-PJ', '388-05-2020-CV-CSJHCO-PJ.pdf'),
	(379, 1, 1, 165, '2020-09-10 23:26:47', 'ASISTENTE', '389-05-2020-CV-CSJHCO-PJ', '389-05-2020-CV-CSJHCO-PJ.pdf'),
	(380, 1, 1, 166, '2020-09-10 23:26:49', 'ASISTENTE', '390-05-2020-CV-CSJHCO-PJ', '390-05-2020-CV-CSJHCO-PJ.pdf'),
	(381, 1, 1, 167, '2020-09-10 23:26:50', 'ASISTENTE', '391-05-2020-CV-CSJHCO-PJ', '391-05-2020-CV-CSJHCO-PJ.pdf'),
	(382, 1, 1, 168, '2020-09-10 23:26:51', 'ASISTENTE', '392-05-2020-CV-CSJHCO-PJ', '392-05-2020-CV-CSJHCO-PJ.pdf'),
	(383, 1, 1, 169, '2020-09-10 23:26:52', 'ASISTENTE', '393-05-2020-CV-CSJHCO-PJ', '393-05-2020-CV-CSJHCO-PJ.pdf'),
	(384, 1, 1, 170, '2020-09-10 23:26:54', 'ASISTENTE', '394-05-2020-CV-CSJHCO-PJ', '394-05-2020-CV-CSJHCO-PJ.pdf'),
	(385, 1, 1, 171, '2020-09-10 23:26:55', 'ASISTENTE', '395-05-2020-CV-CSJHCO-PJ', '395-05-2020-CV-CSJHCO-PJ.pdf'),
	(386, 1, 1, 172, '2020-09-10 23:26:56', 'ASISTENTE', '396-05-2020-CV-CSJHCO-PJ', '396-05-2020-CV-CSJHCO-PJ.pdf'),
	(387, 1, 1, 173, '2020-09-10 23:26:57', 'ASISTENTE', '397-05-2020-CV-CSJHCO-PJ', '397-05-2020-CV-CSJHCO-PJ.pdf'),
	(388, 1, 1, 174, '2020-09-10 23:26:58', 'ASISTENTE', '398-05-2020-CV-CSJHCO-PJ', '398-05-2020-CV-CSJHCO-PJ.pdf'),
	(389, 1, 1, 175, '2020-09-10 23:26:59', 'ASISTENTE', '399-05-2020-CV-CSJHCO-PJ', '399-05-2020-CV-CSJHCO-PJ.pdf'),
	(390, 1, 1, 176, '2020-09-10 23:27:01', 'ASISTENTE', '400-05-2020-CV-CSJHCO-PJ', '400-05-2020-CV-CSJHCO-PJ.pdf'),
	(391, 1, 1, 177, '2020-09-10 23:27:02', 'ASISTENTE', '401-05-2020-CV-CSJHCO-PJ', '401-05-2020-CV-CSJHCO-PJ.pdf'),
	(392, 1, 1, 178, '2020-09-10 23:27:03', 'ASISTENTE', '402-05-2020-CV-CSJHCO-PJ', '402-05-2020-CV-CSJHCO-PJ.pdf'),
	(393, 1, 1, 179, '2020-09-10 23:27:05', 'ASISTENTE', '403-05-2020-CV-CSJHCO-PJ', '403-05-2020-CV-CSJHCO-PJ.pdf'),
	(394, 1, 1, 180, '2020-09-10 23:27:07', 'ASISTENTE', '404-05-2020-CV-CSJHCO-PJ', '404-05-2020-CV-CSJHCO-PJ.pdf'),
	(395, 1, 1, 181, '2020-09-10 23:27:08', 'ASISTENTE', '405-05-2020-CV-CSJHCO-PJ', '405-05-2020-CV-CSJHCO-PJ.pdf'),
	(396, 1, 1, 182, '2020-09-10 23:27:09', 'ASISTENTE', '406-05-2020-CV-CSJHCO-PJ', '406-05-2020-CV-CSJHCO-PJ.pdf'),
	(397, 1, 1, 183, '2020-09-10 23:27:10', 'ASISTENTE', '407-05-2020-CV-CSJHCO-PJ', '407-05-2020-CV-CSJHCO-PJ.pdf'),
	(398, 1, 1, 184, '2020-09-10 23:27:12', 'ASISTENTE', '408-05-2020-CV-CSJHCO-PJ', '408-05-2020-CV-CSJHCO-PJ.pdf'),
	(399, 1, 1, 185, '2020-09-10 23:27:13', 'ASISTENTE', '409-05-2020-CV-CSJHCO-PJ', '409-05-2020-CV-CSJHCO-PJ.pdf'),
	(400, 1, 1, 186, '2020-09-10 23:27:14', 'ASISTENTE', '410-05-2020-CV-CSJHCO-PJ', '410-05-2020-CV-CSJHCO-PJ.pdf'),
	(401, 1, 1, 187, '2020-09-10 23:27:15', 'ASISTENTE', '411-05-2020-CV-CSJHCO-PJ', '411-05-2020-CV-CSJHCO-PJ.pdf'),
	(402, 1, 1, 188, '2020-09-10 23:27:16', 'ASISTENTE', '412-05-2020-CV-CSJHCO-PJ', '412-05-2020-CV-CSJHCO-PJ.pdf'),
	(403, 1, 1, 189, '2020-09-10 23:27:18', 'ASISTENTE', '413-05-2020-CV-CSJHCO-PJ', '413-05-2020-CV-CSJHCO-PJ.pdf'),
	(404, 1, 1, 190, '2020-09-10 23:27:19', 'ASISTENTE', '414-05-2020-CV-CSJHCO-PJ', '414-05-2020-CV-CSJHCO-PJ.pdf'),
	(405, 1, 1, 191, '2020-09-10 23:27:20', 'ASISTENTE', '415-05-2020-CV-CSJHCO-PJ', '415-05-2020-CV-CSJHCO-PJ.pdf'),
	(406, 1, 1, 192, '2020-09-10 23:27:21', 'ASISTENTE', '416-05-2020-CV-CSJHCO-PJ', '416-05-2020-CV-CSJHCO-PJ.pdf'),
	(407, 1, 1, 193, '2020-09-10 23:27:22', 'ASISTENTE', '417-05-2020-CV-CSJHCO-PJ', '417-05-2020-CV-CSJHCO-PJ.pdf'),
	(408, 1, 1, 194, '2020-09-10 23:27:23', 'ASISTENTE', '418-05-2020-CV-CSJHCO-PJ', '418-05-2020-CV-CSJHCO-PJ.pdf'),
	(409, 1, 1, 195, '2020-09-10 23:27:25', 'ASISTENTE', '419-05-2020-CV-CSJHCO-PJ', '419-05-2020-CV-CSJHCO-PJ.pdf'),
	(410, 1, 1, 196, '2020-09-10 23:27:26', 'ASISTENTE', '420-05-2020-CV-CSJHCO-PJ', '420-05-2020-CV-CSJHCO-PJ.pdf'),
	(411, 1, 1, 197, '2020-09-10 23:27:27', 'ASISTENTE', '421-05-2020-CV-CSJHCO-PJ', '421-05-2020-CV-CSJHCO-PJ.pdf'),
	(412, 1, 1, 198, '2020-09-10 23:27:28', 'ASISTENTE', '422-05-2020-CV-CSJHCO-PJ', '422-05-2020-CV-CSJHCO-PJ.pdf'),
	(413, 1, 1, 199, '2020-09-10 23:27:29', 'ASISTENTE', '423-05-2020-CV-CSJHCO-PJ', '423-05-2020-CV-CSJHCO-PJ.pdf'),
	(414, 1, 1, 200, '2020-09-10 23:27:30', 'ASISTENTE', '424-05-2020-CV-CSJHCO-PJ', '424-05-2020-CV-CSJHCO-PJ.pdf'),
	(415, 1, 1, 201, '2020-09-10 23:27:31', 'ASISTENTE', '425-05-2020-CV-CSJHCO-PJ', '425-05-2020-CV-CSJHCO-PJ.pdf'),
	(416, 1, 1, 202, '2020-09-10 23:27:33', 'ASISTENTE', '426-05-2020-CV-CSJHCO-PJ', '426-05-2020-CV-CSJHCO-PJ.pdf'),
	(417, 1, 1, 204, '2020-09-10 23:27:34', 'ASISTENTE', '427-05-2020-CV-CSJHCO-PJ', '427-05-2020-CV-CSJHCO-PJ.pdf'),
	(418, 1, 1, 205, '2020-09-10 23:27:35', 'ASISTENTE', '428-05-2020-CV-CSJHCO-PJ', '428-05-2020-CV-CSJHCO-PJ.pdf'),
	(419, 1, 1, 206, '2020-09-10 23:27:36', 'ASISTENTE', '429-05-2020-CV-CSJHCO-PJ', '429-05-2020-CV-CSJHCO-PJ.pdf'),
	(420, 1, 1, 207, '2020-09-10 23:27:37', 'ASISTENTE', '430-05-2020-CV-CSJHCO-PJ', '430-05-2020-CV-CSJHCO-PJ.pdf'),
	(421, 1, 1, 208, '2020-09-10 23:27:39', 'ASISTENTE', '431-05-2020-CV-CSJHCO-PJ', '431-05-2020-CV-CSJHCO-PJ.pdf'),
	(422, 1, 1, 209, '2020-09-10 23:27:40', 'ASISTENTE', '432-05-2020-CV-CSJHCO-PJ', '432-05-2020-CV-CSJHCO-PJ.pdf'),
	(423, 1, 1, 210, '2020-09-10 23:27:41', 'ASISTENTE', '433-05-2020-CV-CSJHCO-PJ', '433-05-2020-CV-CSJHCO-PJ.pdf'),
	(424, 1, 1, 211, '2020-09-10 23:27:42', 'ASISTENTE', '434-05-2020-CV-CSJHCO-PJ', '434-05-2020-CV-CSJHCO-PJ.pdf'),
	(425, 1, 1, 212, '2020-09-10 23:27:43', 'ASISTENTE', '435-05-2020-CV-CSJHCO-PJ', '435-05-2020-CV-CSJHCO-PJ.pdf'),
	(426, 1, 1, 213, '2020-09-10 23:27:44', 'ASISTENTE', '436-05-2020-CV-CSJHCO-PJ', '436-05-2020-CV-CSJHCO-PJ.pdf'),
	(427, 1, 1, 214, '2020-09-10 23:27:46', 'ASISTENTE', '437-05-2020-CV-CSJHCO-PJ', '437-05-2020-CV-CSJHCO-PJ.pdf'),
	(428, 1, 1, 215, '2020-09-10 23:27:47', 'ASISTENTE', '438-05-2020-CV-CSJHCO-PJ', '438-05-2020-CV-CSJHCO-PJ.pdf'),
	(429, 1, 1, 216, '2020-09-10 23:27:48', 'ASISTENTE', '439-05-2020-CV-CSJHCO-PJ', '439-05-2020-CV-CSJHCO-PJ.pdf'),
	(430, 1, 1, 217, '2020-09-10 23:27:49', 'ASISTENTE', '440-05-2020-CV-CSJHCO-PJ', '440-05-2020-CV-CSJHCO-PJ.pdf');
/*!40000 ALTER TABLE `certificados` ENABLE KEYS */;

-- Volcando estructura para tabla farojeqn_bdpjhuanuco.correos
CREATE TABLE IF NOT EXISTS `correos` (
  `id` int(4) NOT NULL AUTO_INCREMENT,
  `dni` int(8) NOT NULL,
  `apenom` varchar(50) COLLATE utf8_spanish_ci NOT NULL,
  `sede` varchar(20) COLLATE utf8_spanish_ci NOT NULL,
  `dependencia` varchar(30) COLLATE utf8_spanish_ci NOT NULL,
  `cargo` varchar(20) COLLATE utf8_spanish_ci NOT NULL,
  `celular` int(9) NOT NULL,
  `resolucion` varchar(20) COLLATE utf8_spanish_ci NOT NULL,
  `fechasolicitud` varchar(21) COLLATE utf8_spanish_ci NOT NULL,
  `correo` varchar(20) COLLATE utf8_spanish_ci NOT NULL,
  `clave` varchar(10) COLLATE utf8_spanish_ci NOT NULL,
  `fechaatencion` varchar(21) COLLATE utf8_spanish_ci NOT NULL,
  PRIMARY KEY (`id`)
) ENGINE=InnoDB AUTO_INCREMENT=9 DEFAULT CHARSET=utf8 COLLATE=utf8_spanish_ci;

-- Volcando datos para la tabla farojeqn_bdpjhuanuco.correos: ~8 rows (aproximadamente)
DELETE FROM `correos`;
/*!40000 ALTER TABLE `correos` DISABLE KEYS */;
INSERT INTO `correos` (`id`, `dni`, `apenom`, `sede`, `dependencia`, `cargo`, `celular`, `resolucion`, `fechasolicitud`, `correo`, `clave`, `fechaatencion`) VALUES
	(1, 43801670, 'Palpa Collazos Edgar', 'Huanuco', 'Informatica', 'Asistente en Informa', 962662500, '7-2020', '26-06-2020', 'epalpac@pj.gob.pe', '654321', '26-06-2020'),
	(2, 98765432, 'James Palpa', 'Tingo M', 'Amin', 'Gerente', 987654321, '77-2020', '12-07-2020', '', '', ''),
	(3, 43680112, 'Tapia', 'Huanuco', 'informatica', 'informatica', 987654321, '2020', '12-07-2020', '', '', ''),
	(4, 14785236, 'aaaa', 'bbbbb', 'lkjlk', 'mmmm', 147852369, '10', '15-07-2020', '', '', ''),
	(5, 0, '', '', '', '', 0, '', '', '', '', ''),
	(6, 0, '', '', '', '', 0, '', '', '', '', ''),
	(7, 0, '', '', '', '', 0, '', '', '', '', ''),
	(8, 0, '" pc "', '" wwww "', '" rrr "', '" dd "', 0, '" 101 "', '" 15-07-2020', '', '', '');
/*!40000 ALTER TABLE `correos` ENABLE KEYS */;

-- Volcando estructura para tabla farojeqn_bdpjhuanuco.correosgenericos
CREATE TABLE IF NOT EXISTS `correosgenericos` (
  `id` int(4) NOT NULL AUTO_INCREMENT,
  `sede` varchar(20) COLLATE utf8_spanish_ci NOT NULL,
  `dependencia` varchar(30) COLLATE utf8_spanish_ci NOT NULL,
  `correo` varchar(30) COLLATE utf8_spanish_ci NOT NULL,
  `anexo` int(9) NOT NULL,
  `detalles` varchar(50) COLLATE utf8_spanish_ci NOT NULL,
  `imagen` text COLLATE utf8_spanish_ci NOT NULL,
  PRIMARY KEY (`id`)
) ENGINE=InnoDB AUTO_INCREMENT=9 DEFAULT CHARSET=utf8 COLLATE=utf8_spanish_ci;

-- Volcando datos para la tabla farojeqn_bdpjhuanuco.correosgenericos: ~8 rows (aproximadamente)
DELETE FROM `correosgenericos`;
/*!40000 ALTER TABLE `correosgenericos` DISABLE KEYS */;
INSERT INTO `correosgenericos` (`id`, `sede`, `dependencia`, `correo`, `anexo`, `detalles`, `imagen`) VALUES
	(1, 'Huanuco', 'Informatica', 'epalpac@pj.gob.pe', 14019, '', 'https://scontent.flim1-2.fna.fbcdn.net/v/t1.0-9/117289939_3037196426497860_2028776714049549127_n.jpg?_nc_cat=107&_nc_sid=8024bb&_nc_eui2=AeEqnkPlQfQYUqteA7tlMEuwxnaJ6KoemOrGdonoqh6Y6mJ9HtW8uLzS2c68hXDFD8Pe6AvBIXDWMfdHHUztNv4D&_nc_ohc=Jbfw-4t1zLAAX976mTR&_nc_ht=scontent.flim1-2.fna&oh=edefcbbf2c4d8c7a97f7ee3554a20ac8&oe=5F53ECED'),
	(2, 'Tingo M', '1fis prov de hucnuco', 'james@gmail.com', 32154, 'bbbbb', 'https://scontent.flim1-2.fna.fbcdn.net/v/t1.0-9/117289939_3037196426497860_2028776714049549127_n.jpg?_nc_cat=107&_nc_sid=8024bb&_nc_eui2=AeEqnkPlQfQYUqteA7tlMEuwxnaJ6KoemOrGdonoqh6Y6mJ9HtW8uLzS2c68hXDFD8Pe6AvBIXDWMfdHHUztNv4D&_nc_ohc=Jbfw-4t1zLAAX976mTR&_nc_ht=scontent.flim1-2.fna&oh=edefcbbf2c4d8c7a97f7ee3554a20ac8&oe=5F53ECED'),
	(3, 'Huanuco', 'odecma', 'jhadjadnb1@pj.gob,pe', 6546, 'Registra su escrito de quejas para denunciar el ma', 'https://scontent.flim1-2.fna.fbcdn.net/v/t1.0-9/117289939_3037196426497860_2028776714049549127_n.jpg?_nc_cat=107&_nc_sid=8024bb&_nc_eui2=AeEqnkPlQfQYUqteA7tlMEuwxnaJ6KoemOrGdonoqh6Y6mJ9HtW8uLzS2c68hXDFD8Pe6AvBIXDWMfdHHUztNv4D&_nc_ohc=Jbfw-4t1zLAAX976mTR&_nc_ht=scontent.flim1-2.fna&oh=edefcbbf2c4d8c7a97f7ee3554a20ac8&oe=5F53ECED'),
	(4, 'Huanuco', 'odecma', 'jhadjadnb1@pj.gob,pe', 6546, 'Registra su escrito de quejas', 'https://scontent.flim1-2.fna.fbcdn.net/v/t1.0-9/117289939_3037196426497860_2028776714049549127_n.jpg?_nc_cat=107&_nc_sid=8024bb&_nc_eui2=AeEqnkPlQfQYUqteA7tlMEuwxnaJ6KoemOrGdonoqh6Y6mJ9HtW8uLzS2c68hXDFD8Pe6AvBIXDWMfdHHUztNv4D&_nc_ohc=Jbfw-4t1zLAAX976mTR&_nc_ht=scontent.flim1-2.fna&oh=edefcbbf2c4d8c7a97f7ee3554a20ac8&oe=5F53ECED'),
	(5, 'Tingo Maria', 'JIP', 'dsdfsdfsd@pj.gob.pe', 98765, 'puede realizar consultas de su proceso', 'https://scontent.flim1-2.fna.fbcdn.net/v/t1.0-9/117289939_3037196426497860_2028776714049549127_n.jpg?_nc_cat=107&_nc_sid=8024bb&_nc_eui2=AeEqnkPlQfQYUqteA7tlMEuwxnaJ6KoemOrGdonoqh6Y6mJ9HtW8uLzS2c68hXDFD8Pe6AvBIXDWMfdHHUztNv4D&_nc_ohc=Jbfw-4t1zLAAX976mTR&_nc_ht=scontent.flim1-2.fna&oh=edefcbbf2c4d8c7a97f7ee3554a20ac8&oe=5F53ECED'),
	(6, 'Tingo Maria', 'JIP', 'dsdfsdfsd@pj.gob.pe', 98765, 'puede realizar consultas de su proceso', 'https://scontent.flim1-2.fna.fbcdn.net/v/t1.0-9/117289939_3037196426497860_2028776714049549127_n.jpg?_nc_cat=107&_nc_sid=8024bb&_nc_eui2=AeEqnkPlQfQYUqteA7tlMEuwxnaJ6KoemOrGdonoqh6Y6mJ9HtW8uLzS2c68hXDFD8Pe6AvBIXDWMfdHHUztNv4D&_nc_ohc=Jbfw-4t1zLAAX976mTR&_nc_ht=scontent.flim1-2.fna&oh=edefcbbf2c4d8c7a97f7ee3554a20ac8&oe=5F53ECED'),
	(7, 'Huamalies', 'Informatica', 'informaticallata@pj.gob.pe', 654312, 'consulte administartivo', 'https://scontent.flim1-2.fna.fbcdn.net/v/t1.0-9/117289939_3037196426497860_2028776714049549127_n.jpg?_nc_cat=107&_nc_sid=8024bb&_nc_eui2=AeEqnkPlQfQYUqteA7tlMEuwxnaJ6KoemOrGdonoqh6Y6mJ9HtW8uLzS2c68hXDFD8Pe6AvBIXDWMfdHHUztNv4D&_nc_ohc=Jbfw-4t1zLAAX976mTR&_nc_ht=scontent.flim1-2.fna&oh=edefcbbf2c4d8c7a97f7ee3554a20ac8&oe=5F53ECED'),
	(8, 'Huamalies', 'Informatica', 'informaticallata@pj.gob.pe', 654312, 'consulte administartivo', 'https://scontent.flim1-2.fna.fbcdn.net/v/t1.0-9/117289939_3037196426497860_2028776714049549127_n.jpg?_nc_cat=107&_nc_sid=8024bb&_nc_eui2=AeEqnkPlQfQYUqteA7tlMEuwxnaJ6KoemOrGdonoqh6Y6mJ9HtW8uLzS2c68hXDFD8Pe6AvBIXDWMfdHHUztNv4D&_nc_ohc=Jbfw-4t1zLAAX976mTR&_nc_ht=scontent.flim1-2.fna&oh=edefcbbf2c4d8c7a97f7ee3554a20ac8&oe=5F53ECED');
/*!40000 ALTER TABLE `correosgenericos` ENABLE KEYS */;

-- Volcando estructura para tabla farojeqn_bdpjhuanuco.cursos
CREATE TABLE IF NOT EXISTS `cursos` (
  `id_curso` int(10) NOT NULL AUTO_INCREMENT,
  `nombre_curso` varchar(500) NOT NULL,
  `id_ponente` int(10) NOT NULL,
  `fecha_inicio` date DEFAULT '0000-00-00',
  `hora_inicio` time NOT NULL DEFAULT '00:00:00',
  `fecha_fin` date NOT NULL DEFAULT '0000-00-00',
  `hora_fin` time NOT NULL DEFAULT '00:00:00',
  `modalidad_curso` varchar(20) NOT NULL,
  `organizador` varchar(300) NOT NULL,
  `estado_curso` varchar(20) NOT NULL,
  PRIMARY KEY (`id_curso`)
) ENGINE=InnoDB AUTO_INCREMENT=6 DEFAULT CHARSET=latin1;

-- Volcando datos para la tabla farojeqn_bdpjhuanuco.cursos: ~3 rows (aproximadamente)
DELETE FROM `cursos`;
/*!40000 ALTER TABLE `cursos` DISABLE KEYS */;
INSERT INTO `cursos` (`id_curso`, `nombre_curso`, `id_ponente`, `fecha_inicio`, `hora_inicio`, `fecha_fin`, `hora_fin`, `modalidad_curso`, `organizador`, `estado_curso`) VALUES
	(1, 'Criterios para dictar el internamiento en la justicia penal juvenil durante la emergencia sanitaria.', 1, '2020-05-06', '09:00:00', '2020-05-06', '11:00:00', 'Modalidad Virtual', 'Modulo de Familia', 'cerrado'),
	(2, 'PHP', 0, '2020-09-03', '00:00:00', '0000-00-00', '00:00:00', '', '', ''),
	(5, 'MySql', 0, '2020-09-03', '00:00:00', '0000-00-00', '00:00:00', '', '', '');
/*!40000 ALTER TABLE `cursos` ENABLE KEYS */;

-- Volcando estructura para tabla farojeqn_bdpjhuanuco.directorio
CREATE TABLE IF NOT EXISTS `directorio` (
  `id` int(4) NOT NULL AUTO_INCREMENT,
  `apenom` varchar(50) COLLATE utf8_spanish_ci NOT NULL,
  `sede` varchar(20) COLLATE utf8_spanish_ci NOT NULL,
  `dependencia` varchar(50) COLLATE utf8_spanish_ci NOT NULL,
  `cargo` varchar(30) COLLATE utf8_spanish_ci NOT NULL,
  `celular` int(9) NOT NULL,
  `correo` varchar(25) COLLATE utf8_spanish_ci NOT NULL,
  `anexo` int(9) NOT NULL,
  `imagen` text COLLATE utf8_spanish_ci NOT NULL,
  PRIMARY KEY (`id`)
) ENGINE=InnoDB AUTO_INCREMENT=8 DEFAULT CHARSET=utf8 COLLATE=utf8_spanish_ci;

-- Volcando datos para la tabla farojeqn_bdpjhuanuco.directorio: ~7 rows (aproximadamente)
DELETE FROM `directorio`;
/*!40000 ALTER TABLE `directorio` DISABLE KEYS */;
INSERT INTO `directorio` (`id`, `apenom`, `sede`, `dependencia`, `cargo`, `celular`, `correo`, `anexo`, `imagen`) VALUES
	(1, 'Palpa Collazos Edgar', 'Huanuco', 'Informatica', 'Asistente Informatica', 962662500, 'epalpac@pj.gob.pe', 18019, 'https://scontent.flim1-1.fna.fbcdn.net/v/t1.0-9/29683870_2431012447116264_5801917623461670950_n.jpg?_nc_cat=106&_nc_sid=85a577&_nc_eui2=AeG1iWXN9oy4qxbq-HapIr_qrYFRAkFkgJ6tgVECQWSAnkh8eNNgBeP4TkwcEDb2mAFJY2k_24lkttL5oOP-QGKA&_nc_oc=AQmxG-958FPylSVYYcTkE828qyg1bPDIWcXb7vPFKezw_Mog4pef1pUMxo5OEtLZJwVHZfmbKokd-Yg4GjGITHCe&_nc_ht=scontent.flim1-1.fna&oh=207ed4e533c763f9ea88279eb8ee6cc0&oe=5F30C2EB'),
	(2, 'Daniel Pablo Santos', 'Huanuco', 'Informatica', 'Coordinador', 987654321, 'daniel@gmail.com', 654321, 'https://scontent.flim1-2.fna.fbcdn.net/v/t1.0-9/109356379_3017582385125931_3689782912435150249_n.jpg?_nc_cat=110&_nc_sid=8024bb&_nc_eui2=AeFJGjDNV--x3UJECpTr1LYjR7ORqhft3gNHs5GqF-3eA-7xgvWCN7W_bQNqbJH4xt9GaaUgI9l7AtkKG7mv-mDx&_nc_oc=AQksDhQHXrlSRYtZ_KoorZrP2IV6EKUDVl3pacL0HH-cjjVy_Iypf_zPX9wBH4SpjeHoQG55cmPZVSZ3lIDYaUwm&_nc_ht=scontent.flim1-2.fna&oh=364d53338b5548da364582829117fcba&oe=5F32E942'),
	(3, 'Jorge Tapia', 'Huanuco', 'Informatica', 'Asistente en Informatica', 987654321, 'tapia@gmail.com', 321654, 'https://scontent.flim1-2.fna.fbcdn.net/v/t1.0-9/108331648_3017582548459248_1700346026858598400_n.jpg?_nc_cat=111&_nc_sid=8024bb&_nc_eui2=AeGZHemrgp7tXfqyuoVm-m3NWxLlf4bEdHdbEuV_hsR0d_k-31R74TcYFH_RS7m2Ocz7O3AfkoXeBAJ2sVFi2bf9&_nc_oc=AQmqg052q4Pfo2UUjZn1SdEA415pXD825MsNkQzW2hEYMVIuGIs3eb9TlDaBgMWj9FN-yo9TRXvIOHScEup9qeHI&_nc_ht=scontent.flim1-2.fna&oh=a0b387d3c1d25f0a0caf9f968b7cea42&oe=5F321D15'),
	(4, 'Keni Clemente', 'Huanuco', 'Informatica', 'Asistente en Informatica', 987654321, 'keny@gmail.com', 321654, 'https://scontent.flim1-1.fna.fbcdn.net/v/t1.0-9/108178956_3017582451792591_7079625068095962300_n.jpg?_nc_cat=104&_nc_sid=8024bb&_nc_eui2=AeEYRH24Ele-AmyT2vwX5uYMdkkkhVPrZwh2SSSFU-tnCLbZdgyEJjN_MYd-ydlGc3wshhVZtlXMmYm4biHZR2AL&_nc_oc=AQmr0EYrpP24SLnQReaaEWXvm6R8BxtzT8uRPXAf7Bd78nxiawJhR3Nndkt56wWRft1_p_bSsACBQHJjdu3nCHXV&_nc_ht=scontent.flim1-1.fna&oh=e5564e34b77617a765ecb3550221aa8f&oe=5F30CB68'),
	(5, 'Joyce', 'Huanuco', 'Informatica', 'Asistente en Informatica', 987654321, 'Joyce@gmail.com', 321654, 'https://scontent.flim1-2.fna.fbcdn.net/v/t1.0-9/108213492_3017582391792597_4107598188137535459_n.jpg?_nc_cat=102&_nc_sid=8024bb&_nc_eui2=AeFIYexDirQqkf_WvrXEv8Fnp5VnU4ufIW2nlWdTi58hbepmJzALuOsiu4ZPP3sqFODDmFvqNl4G-QtTFs-d5T27&_nc_oc=AQk6TgukKIR8O5mQBISUghkDxjFUayd4UuCJhqXPjkk7W_OPVg8IvB5xtyq2lrAkzeLAfEUD5hYSDGxf2i16loH2&_nc_ht=scontent.flim1-2.fna&oh=dfa0e89afb5c7b7e6d4949c9c21c2eed&oe=5F3073A7'),
	(6, 'Dina', 'Huanuco', 'Informatica', 'Asistente en Informatica', 987654321, 'dina@gmail.com', 321654, 'https://scontent.flim1-2.fna.fbcdn.net/v/t1.0-9/107930350_3017582408459262_413217049588984267_n.jpg?_nc_cat=111&_nc_sid=8024bb&_nc_eui2=AeEusuTtVvt8OqAGKXeNK2AqYKScsbrr7tdgpJyxuuvu1_YFykhthwc24_4ZPSEZ6cQL_msl3xZ-yK6XUay8N0bb&_nc_oc=AQkvlZmXxdDm3Mtf6qtLwpghuYbfcQK30NnkldX3vA-6pU2Y2UrOA6VFeD9lWOxCokLnq9PKExYVOOd8BSCxcsbd&_nc_ht=scontent.flim1-2.fna&oh=441fd8dc324e6000c4a8e03f563f1b65&oe=5F32562A'),
	(7, 'Oyarce', 'Huanuco', 'Informatica', 'Asistente en Informatica', 987654321, 'oyarce@gmail.com', 321654, 'https://scontent.flim1-1.fna.fbcdn.net/v/t1.0-9/109316739_3017582471792589_8102301940436293957_n.jpg?_nc_cat=100&_nc_sid=8024bb&_nc_eui2=AeFmxa0-w5Iapo4b8gOdk_Jedcd6f1rlYM11x3p_WuVgzY2SBRUKiomynBPGHxB_10X5PSrVO2X9QkCIJCIX5mUT&_nc_oc=AQlxfrcLMlhoL19WszdMB2fRiUci7oOU_WoCbd3mZMqwbvrqM2om4THH06eJpGGqAWbjHhXhrxcAkkMcEcpUufFW&_nc_ht=scontent.flim1-1.fna&oh=6380de0576d3bf9b775df202d77d7936&oe=5F3347E0');
/*!40000 ALTER TABLE `directorio` ENABLE KEYS */;

-- Volcando estructura para tabla farojeqn_bdpjhuanuco.directorioexterno
CREATE TABLE IF NOT EXISTS `directorioexterno` (
  `id` int(6) NOT NULL AUTO_INCREMENT,
  `apenom` varchar(50) COLLATE utf8_spanish_ci NOT NULL,
  `provincia` varchar(20) COLLATE utf8_spanish_ci NOT NULL,
  `institucion` varchar(50) COLLATE utf8_spanish_ci NOT NULL,
  `dependencia` varchar(50) COLLATE utf8_spanish_ci NOT NULL,
  `cargo` varchar(20) COLLATE utf8_spanish_ci NOT NULL,
  `celular` varchar(9) COLLATE utf8_spanish_ci NOT NULL,
  `correo` varchar(60) COLLATE utf8_spanish_ci NOT NULL,
  `imagen` text COLLATE utf8_spanish_ci NOT NULL,
  PRIMARY KEY (`id`)
) ENGINE=InnoDB AUTO_INCREMENT=18 DEFAULT CHARSET=utf8 COLLATE=utf8_spanish_ci;

-- Volcando datos para la tabla farojeqn_bdpjhuanuco.directorioexterno: ~16 rows (aproximadamente)
DELETE FROM `directorioexterno`;
/*!40000 ALTER TABLE `directorioexterno` DISABLE KEYS */;
INSERT INTO `directorioexterno` (`id`, `apenom`, `provincia`, `institucion`, `dependencia`, `cargo`, `celular`, `correo`, `imagen`) VALUES
	(1, 'Palpa', 'Huanuco', 'Fiscalia', 'Informatica', 'Gerente', '987654321', 'epalpac@pj.gob.pe', 'fsfsdff'),
	(2, 'Zenon', 'Huanuco', 'Sunat', 'Gerencia', 'Gerente', '897654321', 'zenon@gmail.com', 'werwer'),
	(3, '" aaa "', '" tttt "', '" eeee "', '" ccccc "', '" bbbb "', '" 9876543', '" hhhh', ''),
	(4, 'James', 'TM', 'fiscal', 'hhuanuco', 'Fiscal', '987654321', 'sjdh', ''),
	(5, 'prueba', 'jhg', 'kjh', 'kjh', 'iu', '654321', 'kjh', ''),
	(6, 'prueba2', 'Tingo', 'Fiscalia', '2da fiscalia', 'Fiscal', '654321987', 'fiscal1@pj.gob.pe', ''),
	(8, 'pruebaaa', 'ahsd', 'kjhkm', 'oiuoi', 'nbmnm', '987987', 'jhgjh', ''),
	(9, 'prueba10', 'huanuco', 'fiscalia', 'kjhkj', 'oooooo', '987654', 'jhgjh@gamial', ''),
	(10, 'Fiscal1', 'Tingo', 'Fiscalia', '1era ficalia', 'Fiscal adjunto', '987654321', 'fiscal@gmail.com', ''),
	(11, 'James', 'Lima', 'Fiscalia', 'gerente', 'gerente', '987654321', 'james@gmail.com', ''),
	(12, 'dfgdfg', 'ertert', 'fdgdfg', 'dfgdfg', 'dfgdfg', '987654321', 'dgdfdfgdf', ''),
	(13, '', '', '', '', '', '', '', ''),
	(14, 'web', 'web', 'web', 'web', 'kjlkj', '654321987', 'jhjh', ''),
	(15, 'jdjjdjf', 'jjdjdjdj', 'nxjkfkf', 'ndnkfjf', 'jdjjfjf', '975474678', 'bznnx', ''),
	(16, 'idkdjd', 'jdjdjjd', 'ndnjff', 'jdjjff', 'jdjjfjf', '78288474', 'jsbbdbdd', ''),
	(17, 'dina', 'huamalies', 'fiscalia', 'infaor', 'infra', '978654321', 'dina@gmail.com', '');
/*!40000 ALTER TABLE `directorioexterno` ENABLE KEYS */;

-- Volcando estructura para tabla farojeqn_bdpjhuanuco.inventarioinformatica
CREATE TABLE IF NOT EXISTS `inventarioinformatica` (
  `id` int(10) NOT NULL AUTO_INCREMENT,
  `sede` varchar(20) COLLATE utf8_spanish_ci NOT NULL,
  `dependencia` varchar(30) COLLATE utf8_spanish_ci NOT NULL,
  `usuario` varchar(40) COLLATE utf8_spanish_ci NOT NULL,
  `cargo` varchar(20) COLLATE utf8_spanish_ci NOT NULL,
  `bien` varchar(30) COLLATE utf8_spanish_ci NOT NULL,
  `marca` varchar(20) COLLATE utf8_spanish_ci NOT NULL,
  `modelo` varchar(20) COLLATE utf8_spanish_ci NOT NULL,
  `serie` varchar(25) COLLATE utf8_spanish_ci NOT NULL,
  `cpatrimonial` varchar(15) COLLATE utf8_spanish_ci NOT NULL,
  `estado` varchar(15) COLLATE utf8_spanish_ci NOT NULL,
  `fechareg` varchar(15) COLLATE utf8_spanish_ci NOT NULL,
  `detalles` text COLLATE utf8_spanish_ci NOT NULL,
  PRIMARY KEY (`id`)
) ENGINE=InnoDB AUTO_INCREMENT=5 DEFAULT CHARSET=utf8 COLLATE=utf8_spanish_ci;

-- Volcando datos para la tabla farojeqn_bdpjhuanuco.inventarioinformatica: ~3 rows (aproximadamente)
DELETE FROM `inventarioinformatica`;
/*!40000 ALTER TABLE `inventarioinformatica` DISABLE KEYS */;
INSERT INTO `inventarioinformatica` (`id`, `sede`, `dependencia`, `usuario`, `cargo`, `bien`, `marca`, `modelo`, `serie`, `cpatrimonial`, `estado`, `fechareg`, `detalles`) VALUES
	(1, 'Huanuco', 'Informatica', 'JamesPC', 'Gerente', 'laptop', 'hp', 'x5000', '2KJKJ4H', 'M654321', 'Bueno', '13/08/2020', ''),
	(2, 'Huanuco', 'Informatica', 'Palpa Collazos Edgar', 'Asistente en Informa', 'laptop', 'Lenovo', 'SP564', '897SDF2132', 'PC123456', 'Bueno', '13/08/2020', ''),
	(4, 'Llata', 'kjhk', 'dina', 'kjhkj', 'pc', 'ho', 'kjh', '654kj', '987654', 'regular', '12/08/2020', '');
/*!40000 ALTER TABLE `inventarioinformatica` ENABLE KEYS */;

-- Volcando estructura para tabla farojeqn_bdpjhuanuco.matricula
CREATE TABLE IF NOT EXISTS `matricula` (
  `idinscrito` int(6) NOT NULL AUTO_INCREMENT,
  `idcursos` int(10) NOT NULL,
  `idalumno` int(10) NOT NULL,
  `fechainscripcion` timestamp NOT NULL DEFAULT '0000-00-00 00:00:00',
  `detalles` varchar(10) NOT NULL,
  PRIMARY KEY (`idinscrito`)
) ENGINE=InnoDB DEFAULT CHARSET=latin1;

-- Volcando datos para la tabla farojeqn_bdpjhuanuco.matricula: ~0 rows (aproximadamente)
DELETE FROM `matricula`;
/*!40000 ALTER TABLE `matricula` DISABLE KEYS */;
/*!40000 ALTER TABLE `matricula` ENABLE KEYS */;

-- Volcando estructura para tabla farojeqn_bdpjhuanuco.players
CREATE TABLE IF NOT EXISTS `players` (
  `id` int(4) NOT NULL AUTO_INCREMENT,
  `sede` varchar(20) COLLATE utf8_spanish_ci NOT NULL,
  `direccion` varchar(50) COLLATE utf8_spanish_ci NOT NULL,
  `juzgado` varchar(100) COLLATE utf8_spanish_ci NOT NULL,
  `anexo` int(9) NOT NULL,
  `telefono` int(9) NOT NULL,
  `imagen` text COLLATE utf8_spanish_ci NOT NULL,
  PRIMARY KEY (`id`)
) ENGINE=InnoDB AUTO_INCREMENT=2 DEFAULT CHARSET=utf8 COLLATE=utf8_spanish_ci;

-- Volcando datos para la tabla farojeqn_bdpjhuanuco.players: ~0 rows (aproximadamente)
DELETE FROM `players`;
/*!40000 ALTER TABLE `players` DISABLE KEYS */;
INSERT INTO `players` (`id`, `sede`, `direccion`, `juzgado`, `anexo`, `telefono`, `imagen`) VALUES
	(1, 'hh', 'rwer', 'sdfsf', 32154, 987654321, 'https://www.facebook.com/photo.php?fbid=3000486433502193&set=a.1410065509210968&type=3&eid=ARBc3sV-fcHuLFJyQV0cAmDp5aFtpzyLtPTSR3jI32dUQsywOBjWkPA2-lbbcbgGgx62ZwTHpx4OFipb');
/*!40000 ALTER TABLE `players` ENABLE KEYS */;

-- Volcando estructura para tabla farojeqn_bdpjhuanuco.ponente
CREATE TABLE IF NOT EXISTS `ponente` (
  `id_ponente` int(4) NOT NULL AUTO_INCREMENT,
  `apenom_ponente` varchar(50) NOT NULL,
  `firma_ponente` text NOT NULL,
  `cargo` varchar(40) DEFAULT NULL,
  `dependencia` varchar(40) DEFAULT NULL,
  PRIMARY KEY (`id_ponente`)
) ENGINE=InnoDB AUTO_INCREMENT=2 DEFAULT CHARSET=latin1;

-- Volcando datos para la tabla farojeqn_bdpjhuanuco.ponente: ~1 rows (aproximadamente)
DELETE FROM `ponente`;
/*!40000 ALTER TABLE `ponente` DISABLE KEYS */;
INSERT INTO `ponente` (`id_ponente`, `apenom_ponente`, `firma_ponente`, `cargo`, `dependencia`) VALUES
	(1, 'Eloy Cupe', 'firmaCupe.jpg', '', '');
/*!40000 ALTER TABLE `ponente` ENABLE KEYS */;

-- Volcando estructura para tabla farojeqn_bdpjhuanuco.presidente
CREATE TABLE IF NOT EXISTS `presidente` (
  `id_presidente` int(11) NOT NULL AUTO_INCREMENT,
  `apenom_presi` varchar(300) COLLATE utf8_spanish_ci NOT NULL DEFAULT '',
  `firma_presi` varchar(300) COLLATE utf8_spanish_ci NOT NULL DEFAULT '',
  `estado` int(1) NOT NULL DEFAULT '1',
  PRIMARY KEY (`id_presidente`)
) ENGINE=InnoDB AUTO_INCREMENT=2 DEFAULT CHARSET=utf8 COLLATE=utf8_spanish_ci;

-- Volcando datos para la tabla farojeqn_bdpjhuanuco.presidente: ~0 rows (aproximadamente)
DELETE FROM `presidente`;
/*!40000 ALTER TABLE `presidente` DISABLE KEYS */;
INSERT INTO `presidente` (`id_presidente`, `apenom_presi`, `firma_presi`, `estado`) VALUES
	(1, 'Santos Espinoza Samuel', 'firpresi.jpg', 1);
/*!40000 ALTER TABLE `presidente` ENABLE KEYS */;

-- Volcando estructura para tabla farojeqn_bdpjhuanuco.redhuanuco
CREATE TABLE IF NOT EXISTS `redhuanuco` (
  `id` int(5) NOT NULL,
  `numip` varchar(16) COLLATE utf8_spanish_ci NOT NULL,
  `apenom` varchar(50) COLLATE utf8_spanish_ci NOT NULL,
  `sede` varchar(15) COLLATE utf8_spanish_ci NOT NULL,
  `dependencia` varchar(40) COLLATE utf8_spanish_ci NOT NULL,
  `fecha` varchar(12) COLLATE utf8_spanish_ci NOT NULL,
  `responsable` varchar(30) COLLATE utf8_spanish_ci NOT NULL,
  `detalles` text COLLATE utf8_spanish_ci NOT NULL,
  PRIMARY KEY (`id`)
) ENGINE=InnoDB DEFAULT CHARSET=utf8 COLLATE=utf8_spanish_ci;

-- Volcando datos para la tabla farojeqn_bdpjhuanuco.redhuanuco: ~4 rows (aproximadamente)
DELETE FROM `redhuanuco`;
/*!40000 ALTER TABLE `redhuanuco` DISABLE KEYS */;
INSERT INTO `redhuanuco` (`id`, `numip`, `apenom`, `sede`, `dependencia`, `fecha`, `responsable`, `detalles`) VALUES
	(1, '172.17.88.26', 'Palpa Collazos Edgar', 'Huanuco', 'Informatica', '09/05/2020', 'palpa', 'xxxxxx'),
	(2, '172.17.88.20', 'Tapia', 'Huanuco', 'Informatica', '12/05/2020', 'tapia', 'xxx'),
	(3, '172.17.88.29', 'Palpa Collazos Edgar', 'fff', 'jkhjkjh', '15/25', 'palpa', ''),
	(4, '10.65.213.16', 'iuyiu', 'kjhkjhk', 'lkjlkjlk', '65', 'kjhkj', '');
/*!40000 ALTER TABLE `redhuanuco` ENABLE KEYS */;

-- Volcando estructura para tabla farojeqn_bdpjhuanuco.sedes
CREATE TABLE IF NOT EXISTS `sedes` (
  `id` int(4) NOT NULL AUTO_INCREMENT,
  `sede` varchar(20) COLLATE utf8_spanish_ci NOT NULL,
  `direccion` varchar(30) COLLATE utf8_spanish_ci NOT NULL,
  `juzgado` varchar(100) COLLATE utf8_spanish_ci NOT NULL,
  `anexo` int(9) NOT NULL,
  `telefono` int(10) NOT NULL,
  `imagen` text COLLATE utf8_spanish_ci NOT NULL,
  PRIMARY KEY (`id`)
) ENGINE=InnoDB AUTO_INCREMENT=18 DEFAULT CHARSET=utf8 COLLATE=utf8_spanish_ci;

-- Volcando datos para la tabla farojeqn_bdpjhuanuco.sedes: ~17 rows (aproximadamente)
DELETE FROM `sedes`;
/*!40000 ALTER TABLE `sedes` DISABLE KEYS */;
INSERT INTO `sedes` (`id`, `sede`, `direccion`, `juzgado`, `anexo`, `telefono`, `imagen`) VALUES
	(1, 'Huanuco', 'Jr. 2 de Mayo 1191', 'Juzgado NCPP\r\nJuzgado Sala Civil\r\nJuzgado Sala Mixta', 14019, 962662500, 'https://scontent.flim1-2.fna.fbcdn.net/v/t1.0-9/109789395_3020639521486884_20608410740181377_n.jpg?_nc_cat=108&_nc_sid=8024bb&_nc_ohc=pvfz5SGdM18AX-j3-LM&_nc_ht=scontent.flim1-2.fna&oh=3e6c41011835d022165487eefcbdef67&oe=5F72CFF2'),
	(2, 'CISAJ', 'Jr Tingo sn', 'paz letrado\r\njuzgado mixto\r\nNCPP', 32154, 987654321, 'https://scontent.flim1-1.fna.fbcdn.net/v/t1.0-9/s960x960/109505397_3020645351486301_6989718916064867655_o.jpg?_nc_cat=106&_nc_sid=8024bb&_nc_eui2=AeEF9qRtSi2ojW5NoO9m0b5nlVy6jMHEXl-VXLqMwcReX5RDaacAgPtFBq_A74EOc-_1m0AvHUTZBdAYlBw0SJPm&_nc_ohc=z-kJVjfkZA4AX-sL0DA&_nc_ht=scontent.flim1-1.fna&_nc_tp=7&oh=4831a89ed9c0316f9f87e73a0c288b17&oe=5F35EF79'),
	(3, 'Amarilis', 'Jr sin Numero', 'Jugado mixto - juzgado paz', 2354, 5656756, 'https://scontent.flim1-1.fna.fbcdn.net/v/t1.0-9/109526775_3020645091486327_5147775526302947241_n.jpg?_nc_cat=104&_nc_sid=8024bb&_nc_eui2=AeFHwkVzLvkizvZOSN9m3bmDbBoT6LdW1hlsGhPot1bWGYlYklyHneRm5kHvV14KazQumAIu-Ca-B_Gcguoq6bML&_nc_ohc=2OtguXDyt-wAX9qLx_1&_nc_ht=scontent.flim1-1.fna&oh=31180ff36a59a0a0c7671772637feb5e&oe=5F37E2F0'),
	(4, 'Santa Cruz', 'Jr plaza', 'Juzgado mixto - Juzgado NCPP - Juzgado de paz letrado', 55555, 21365465, 'https://scontent.flim1-2.fna.fbcdn.net/v/t1.0-9/p720x720/109686680_3020645494819620_8139331965904197582_o.jpg?_nc_cat=108&_nc_sid=8024bb&_nc_eui2=AeHI53YIgOqAzgRvWaVxdjxlpAfo_NbykW-kB-j81vKRb07dt53DMkoWK61YN3rz9vrZbDqYT8C1dHcaupgAuC2Q&_nc_ohc=I55YPJxAQkgAX_qdHNE&_nc_ht=scontent.flim1-2.fna&_nc_tp=6&oh=23983f4e492ee1715bb443c154da0a14&oe=5F355FA3'),
	(5, 'Ambo', 'Jr. 2 de Mayo 1191', 'Juzgado NCPP\r\nJuzgado Sala Civil\r\nJuzgado Sala Mixta', 14019, 962662500, 'https://scontent.flim1-2.fna.fbcdn.net/v/t1.0-0/p640x640/107829893_3020645258152977_4414989698587628071_o.jpg?_nc_cat=107&_nc_sid=8024bb&_nc_eui2=AeGdxy86MkoDprJsa0NUx78QOE80nNEK4wA4TzSc0QrjAK4SYfGU1NVc-YNhXc4DU2Eg4tXByJ44pwUzwtGCg-3Y&_nc_ohc=VGQLbRlGUaIAX_EYVKQ&_nc_ht=scontent.flim1-2.fna&_nc_tp=6&oh=8f152f8ca9a10fcb456e07af63951353&oe=5F34B27C'),
	(6, 'H valdizan', 'Jr. 2 de Mayo 1191', 'Juzgado NCPP\r\nJuzgado Sala Civil\r\nJuzgado Sala Mixta', 14019, 962662500, 'https://scontent.flim1-1.fna.fbcdn.net/v/t1.0-9/110200222_3020645084819661_6461572867614043872_n.jpg?_nc_cat=106&_nc_sid=8024bb&_nc_eui2=AeGj5rAkILgsy3Pstj3sVr-ytmYyHxoMo3q2ZjIfGgyjehIklm2jpcikBYwio8q1coJesArGeRZFIWDfqtpoPSML&_nc_ohc=yHgJ8qH_7xMAX-eXQo5&_nc_ht=scontent.flim1-1.fna&oh=b4b471c6c3cd179119c3a6909c42400a&oe=5F37836C'),
	(7, 'Huamalies', 'Jr. 2 de Mayo 1191', 'Juzgado NCPP\r\nJuzgado Sala Civil\r\nJuzgado Sala Mixta', 14019, 962662500, 'https://scontent.flim1-2.fna.fbcdn.net/v/t1.0-9/107700433_3020645388152964_92646707795183890_n.jpg?_nc_cat=111&_nc_sid=8024bb&_nc_eui2=AeHa_telHSFb--PnV-iXW0Lnx3Da97MR5W_HcNr3sxHlb_bjWcTUbkD1vYRkQXkx8M562mxupObYXVk3e77JYyKt&_nc_ohc=qvN_qePd9cEAX-WmpYU&_nc_ht=scontent.flim1-2.fna&oh=bd8c51b3128fd605c1dc550954b1cf17&oe=5F3534C0'),
	(8, 'Aucayacu', 'Jr. 2 de Mayo 1191', 'Juzgado NCPP\r\nJuzgado Sala Civil\r\nJuzgado Sala Mixta', 14019, 962662500, 'https://scontent.flim1-1.fna.fbcdn.net/v/t1.0-9/s960x960/107823679_3020645204819649_8822937519794667162_o.jpg?_nc_cat=105&_nc_sid=8024bb&_nc_eui2=AeEAHZ1A3WoLP81kA8uUiFvSxu4X2M-04enG7hfYz7Th6ShqIYmybuhw4g3-6MjreyO5EhUwXylR2n6JrK3P52g8&_nc_ohc=AWb2SAM6tdoAX-LnqwJ&_nc_ht=scontent.flim1-1.fna&_nc_tp=7&oh=6d2b9a29d4fc9597ea78a94e6a9289e3&oe=5F36CC59'),
	(9, 'Familia', 'Jr. 2 de Mayo 1191', 'Juzgado NCPP\r\nJuzgado Sala Civil\r\nJuzgado Sala Mixta', 14019, 962662500, 'https://scontent.flim1-1.fna.fbcdn.net/v/t1.0-9/s960x960/109821700_3020645291486307_6294764897648681080_o.jpg?_nc_cat=105&_nc_sid=8024bb&_nc_eui2=AeHn4VbUs2TVdPxc3A1fdSobxvaERSoeUOzG9oRFKh5Q7Bfyo6xA9gQjXA7maJox0SzqvbEMM80Gttfyc6k7Jry0&_nc_ohc=0hMkv-TWkXEAX9aejuO&_nc_ht=scontent.flim1-1.fna&_nc_tp=7&oh=2e6e34da326448d8c287459bdde9bbbe&oe=5F348EE7'),
	(10, 'Yarowilca', 'Jr. 2 de Mayo 1191', 'Juzgado NCPP\r\nJuzgado Sala Civil\r\nJuzgado Sala Mixta', 14019, 962662500, 'https://scontent.flim1-2.fna.fbcdn.net/v/t1.0-9/p720x720/113769262_3020645534819616_2706432775132486625_o.jpg?_nc_cat=108&_nc_sid=8024bb&_nc_eui2=AeHgoHz1OuoUDjd2gRzkjDV4KWsHpJYR-akpaweklhH5qenqFBNVVdON3AJ8JSRbjb5Gi-HYTYJV17MUizsv1VT-&_nc_ohc=hD_EhmpI96gAX_XfPza&_nc_ht=scontent.flim1-2.fna&_nc_tp=6&oh=5984671c4d149935628e5cf772b0b5e8&oe=5F3744D8'),
	(11, 'Lauricocha', 'Jr. 2 de Mayo 1191', 'Juzgado NCPP\r\nJuzgado Sala Civil\r\nJuzgado Sala Mixta', 14019, 962662500, 'https://scontent.flim1-2.fna.fbcdn.net/v/t1.0-0/p180x540/107648690_3020645358152967_6540938288816910693_o.jpg?_nc_cat=108&_nc_sid=8024bb&_nc_eui2=AeE8OQtoLs4ZX6cdBHDcUfLzjDyUVIsbTwWMPJRUixtPBdzLzA2JwLNtN8XOXTqKlt6EcDmVdHd_XOAttdkbL0Zm&_nc_ohc=7Lt3677ns6UAX9ehYwL&_nc_ht=scontent.flim1-2.fna&_nc_tp=6&oh=bcee8d7aae3792a0d7d1eb98b5d51930&oe=5F34E17F'),
	(12, 'Panao', 'Jr. 2 de Mayo 1191', 'Juzgado NCPP\r\nJuzgado Sala Civil\r\nJuzgado Sala Mixta', 14019, 962662500, 'https://scontent.flim1-1.fna.fbcdn.net/v/t1.0-9/p720x720/110180126_3020645468152956_4936105897219776954_o.jpg?_nc_cat=103&_nc_sid=8024bb&_nc_eui2=AeHi48zLqLs5pKeBSdS9hZ2ZP2pE-h5PGmA_akT6Hk8aYNSn5Gmm5EQZwNqWVMdF6z9d_ldPPCW9--CZr773RTXs&_nc_ohc=roFkCQjLTdUAX_UYfp_&_nc_ht=scontent.flim1-1.fna&_nc_tp=6&oh=355efa159453d21902cb6c0e055a5e06&oe=5F34CB10'),
	(13, 'Huacrachuco', 'Jr. 2 de Mayo 1191', 'Juzgado NCPP\r\nJuzgado Sala Civil\r\nJuzgado Sala Mixta', 14019, 962662500, 'https://scontent.flim1-1.fna.fbcdn.net/v/t1.0-0/p640x640/110145547_3020645428152960_6032806630925393300_o.jpg?_nc_cat=103&_nc_sid=8024bb&_nc_eui2=AeEiKt2xWXmfnYK1qI-BFC3LdQSOtKGQr351BI60oZCvfrwQucJ71aO1oZaQijCNfboS6syLql4ykA9gpHTjiJKC&_nc_ohc=EnNIYi07MsYAX__QLIQ&_nc_ht=scontent.flim1-1.fna&_nc_tp=6&oh=0572c2220a109dee96cdc874058d7005&oe=5F35611A'),
	(14, 'Margos', 'Jr. 2 de Mayo 1191', 'Juzgado NCPP\r\nJuzgado Sala Civil\r\nJuzgado Sala Mixta', 14019, 962662500, 'https://scontent.flim1-1.fna.fbcdn.net/v/t1.0-9/p720x720/109980176_3020645411486295_5616485546007705086_o.jpg?_nc_cat=104&_nc_sid=8024bb&_nc_eui2=AeFCNWkQAlsYj-1z8SBVR0Q7GiKwq4A7UC4aIrCrgDtQLpNc8DyuSiRqVCRUHF940oTCT0V-sMTSkqSY1rDKP_ak&_nc_ohc=s7WwdLODSF4AX8Fj8At&_nc_ht=scontent.flim1-1.fna&_nc_tp=6&oh=386a61a4accc6c2b7a1d9b2f185d5cc3&oe=5F35C4E4'),
	(15, 'Potracancha', 'Jr. 2 de Mayo 1191', 'Audiencias Reos', 14019, 962662500, 'https://scontent.flim1-1.fna.fbcdn.net/v/t1.0-9/110211951_3020645451486291_2942265676465264490_n.jpg?_nc_cat=103&_nc_sid=8024bb&_nc_eui2=AeFMOOcyxDNIER_TlA2VKAB9CyKcx3MjqPMLIpzHcyOo8-bah1iPwEHVu2DG-ta-opZp46zw2Au3yBfAYXkfMnwJ&_nc_ohc=F4HTeD6Oq40AX_9am43&_nc_ht=scontent.flim1-1.fna&oh=807a7768a9296544aaaba804a7380527&oe=5F37D6AE'),
	(16, 'Chinchao', 'Jr. 2 de Mayo 1191', 'Juzgado NCPP\r\nJuzgado Sala Civil\r\nJuzgado Sala Mixta', 14019, 962662500, 'https://scontent.flim1-2.fna.fbcdn.net/v/t1.0-9/p720x720/107675222_3020645128152990_2896005129403511252_o.jpg?_nc_cat=102&_nc_sid=8024bb&_nc_eui2=AeGiY_2ihCYHsUAFu8_GUBO2f87Ado7L6Z5_zsB2jsvpnnSvtjNrKr0YBQoZ2J7Q6ruRaX5LrvD6FygpLysqndyi&_nc_ohc=uc9RAuqY2vYAX81rmWc&_nc_ht=scontent.flim1-2.fna&_nc_tp=6&oh=daa4acf6cdeb40671a1928955cdcc1f8&oe=5F36C110'),
	(17, 'Pillcomarca', 'Jr. 2 de Mayo 1191', 'Juzgado NCPP\r\nJuzgado Sala Civil\r\nJuzgado Sala Mixta', 14019, 962662500, 'https://scontent.flim1-2.fna.fbcdn.net/v/t1.0-9/p720x720/110347987_3020645514819618_5196394195206194208_o.jpg?_nc_cat=108&_nc_sid=8024bb&_nc_eui2=AeHsEv1FjwVzxWK8ilLs5qikfxeyMRyDtIh_F7IxHIO0iMfwu2v_Thm5lAgjvhys5JlUB8O94qw419D0qMTiuCOs&_nc_ohc=KtQCG9AXOaUAX88pDrE&_nc_ht=scontent.flim1-2.fna&_nc_tp=6&oh=883bbf42726e88b32af759857817cdc5&oe=5F35D3EB');
/*!40000 ALTER TABLE `sedes` ENABLE KEYS */;

-- Volcando estructura para tabla farojeqn_bdpjhuanuco.usuarios
CREATE TABLE IF NOT EXISTS `usuarios` (
  `id` int(6) NOT NULL AUTO_INCREMENT,
  `usuario` varchar(30) COLLATE utf8_spanish_ci NOT NULL,
  `password` varchar(15) COLLATE utf8_spanish_ci NOT NULL,
  `nombreusu` varchar(40) COLLATE utf8_spanish_ci NOT NULL,
  `correo` varchar(40) COLLATE utf8_spanish_ci NOT NULL,
  `celular` int(9) NOT NULL,
  `estado` int(1) DEFAULT '1',
  PRIMARY KEY (`id`)
) ENGINE=InnoDB AUTO_INCREMENT=6 DEFAULT CHARSET=utf8 COLLATE=utf8_spanish_ci;

-- Volcando datos para la tabla farojeqn_bdpjhuanuco.usuarios: ~5 rows (aproximadamente)
DELETE FROM `usuarios`;
/*!40000 ALTER TABLE `usuarios` DISABLE KEYS */;
INSERT INTO `usuarios` (`id`, `usuario`, `password`, `nombreusu`, `correo`, `celular`, `estado`) VALUES
	(1, 'JamesPC', '654321', 'james', 'james@gmail.com', 987654321, 1),
	(2, 'epalpac', '123456', 'palpa', 'epalpac@pj.gob.pe', 962662500, 1),
	(3, 'admin', 'admin', 'administrador', 'kjaskasjd', 65321, 1),
	(4, 'usuario', 'usuario', 'RegistrarDE', 'james@gmail.com', 987654321, 1),
	(5, 'externo', 'externo', 'RegDIRECTORIOEX', 'xxx@mp.gob.pe', 54321987, 1);
/*!40000 ALTER TABLE `usuarios` ENABLE KEYS */;

/*!40101 SET SQL_MODE=IFNULL(@OLD_SQL_MODE, '') */;
/*!40014 SET FOREIGN_KEY_CHECKS=IF(@OLD_FOREIGN_KEY_CHECKS IS NULL, 1, @OLD_FOREIGN_KEY_CHECKS) */;
/*!40101 SET CHARACTER_SET_CLIENT=@OLD_CHARACTER_SET_CLIENT */;
